HA,3,87,w1,w2,w3
IX,d,SE,1,5,25
0,0,17,-2,-2,-3
1,0,17,2,2,3
2,0,26,-5,1,0
3,0,26,0,-5,1
4,0,26,0,5,-1
5,0,26,5,-1,0
6,0,27,-3,3,3
7,0,27,3,-3,-3
8,0,29,-3,-2,4
9,0,29,-2,3,-4
10,0,29,2,-3,4
11,0,29,3,2,-4
12,0,42,-5,-4,1
13,0,42,5,4,-1
14,0,62,-5,6,-1
15,0,62,-1,5,6
16,0,62,1,-5,-6
17,0,62,5,-6,1
18,0,68,-4,-4,-6
19,0,68,4,4,6
20,0,108,-6,6,6
21,0,108,6,-6,-6
22,1,14,-1,-2,-3
23,1,17,-4,1,0
24,1,22,-2,3,3
25,1,22,3,2,3
26,1,24,-2,-2,4
27,1,26,-1,3,-4
28,1,27,1,-5,1
29,1,27,1,5,-1
30,1,33,-4,-4,1
31,1,34,3,-3,4
32,1,34,4,-3,-3
33,1,36,4,2,-4
34,1,37,6,-1,0
35,1,46,-6,-1,-3
36,1,53,-4,6,-1
37,1,53,6,4,-1
38,1,61,-3,-4,-6
39,1,61,0,5,6
40,1,65,2,-5,-6
41,1,68,-6,4,-4
42,1,73,6,-6,1
43,1,76,-6,-6,-2
44,1,77,5,4,6
45,1,97,-5,6,6
46,2,10,-3,1,0
47,2,13,0,-2,-3
48,2,19,-1,3,3
49,2,21,-1,-2,4
50,2,25,0,3,-4
51,2,26,-3,-4,1
52,2,29,4,2,3
53,2,30,2,-5,1
54,2,30,2,5,-1
55,2,35,-5,-1,-3
56,2,41,4,-3,4
57,2,43,5,-3,-3
58,2,45,5,2,-4
59,2,46,-3,6,-1
60,2,53,-6,-1,4
61,2,56,-2,-4,-6
62,2,57,-5,4,-4
63,2,61,-6,4,3
64,2,62,1,5,6
65,2,65,-5,-6,-2
66,2,70,3,-5,-6
67,2,88,-4,6,6
68,2,88,6,4,6
69,2,97,-6,-6,5
70,3,9,3,0,0
71,3,14,1,-2,-3
72,3,18,0,3,3
73,3,20,0,-2,4
74,3,21,-2,-4,1
75,3,26,-4,-1,-3
76,3,26,1,3,-4
77,3,35,3,-5,1
78,3,35,3,5,-1
79,3,38,5,2,3
80,3,41,-2,6,-1
81,3,42,-5,-1,4
82,3,48,-4,4,-4
83,3,50,-5,4,3
84,3,50,5,-3,4
85,3,53,-1,-4,-6
86,3,54,6,-3,-3
87,3,56,-4,-6,-2
88,3,56,6,2,-4
89,3,65,2,5,6
90,3,77,4,-5,-6
91,3,81,-6,-3,-6
92,3,81,-3,6,6
93,3,86,-5,-6,5
94,4,16,4,0,0
95,4,17,2,-2,-3
96,4,18,-1,-4,1
97,4,19,-3,-1,-3
98,4,19,1,3,3
99,4,21,1,-2,4
100,4,29,2,3,-4
101,4,33,-4,-1,4
102,4,38,-1,6,-1
103,4,40,-6,2,0
104,4,41,-4,4,3
105,4,41,-3,4,-4
106,4,42,4,-5,1
107,4,42,4,5,-1
108,4,46,-6,-3,1
109,4,49,-3,-6,-2
110,4,49,6,2,3
111,4,52,0,-4,-6
112,4,61,6,-3,4
113,4,70,-5,-3,-6
114,4,70,3,5,6
115,4,76,-2,6,6
116,4,77,-4,-6,5
117,4,86,5,-5,-6
118,5,14,-2,-1,-3
119,5,17,0,-4,1
120,5,22,2,3,3
121,5,22,3,-2,-3
122,5,24,2,-2,4
123,5,25,5,0,0
124,5,26,-3,-1,4
125,5,29,-5,2,0
126,5,34,-3,4,3
127,5,34,3,3,-4
128,5,35,-5,-3,1
129,5,36,-2,4,-4
130,5,37,0,6,-1
131,5,44,-2,-6,-2
132,5,51,5,-5,1
133,5,51,5,5,-1
134,5,53,1,-4,-6
135,5,61,-4,-3,-6
136,5,70,-3,-6,5
137,5,73,-1,6,6
138,5,77,4,5,6
139,5,97,6,-5,-6
140,6,11,-1,-1,-3
141,6,18,1,-4,1
142,6,20,-4,2,0
143,6,21,-2,-1,4
144,6,26,-4,-3,1
145,6,27,3,3,3
146,6,29,-2,4,3
147,6,29,3,-2,4
148,6,29,4,-2,-3
149,6,33,-1,4,-4
150,6,36,6,0,0
151,6,38,1,6,-1
152,6,41,-1,-6,-2
153,6,41,4,3,-4
154,6,45,-6,0,-3
155,6,54,-3,-3,-6
156,6,56,2,-4,-6
157,6,62,6,-5,1
158,6,62,6,5,-1
159,6,65,-6,-5,-2
160,6,65,-2,-6,5
161,6,72,0,6,6
162,6,77,-6,5,-4
163,6,86,5,5,6
164,7,10,0,-1,-3
165,7,13,-3,2,0
166,7,18,-1,-1,4
167,7,19,-3,-3,1
168,7,21,2,-4,1
169,7,26,-1,4,3
170,7,32,0,4,-4
171,7,34,-5,0,-3
172,7,34,4,3,3
173,7,36,4,-2,4
174,7,38,5,-2,-3
175,7,40,0,-6,-2
176,7,41,2,6,-1
177,7,49,-2,-3,-6
178,7,50,5,3,-4
179,7,52,-6,0,4
180,7,54,-5,-5,-2
181,7,61,3,-4,-6
182,7,62,-1,-6,5
183,7,66,-5,5,-4
184,7,70,-6,5,3
185,7,73,1,6,6
186,7,86,-6,-5,5
187,7,97,6,5,6
188,8,10,3,1,0
189,8,11,1,-1,-3
190,8,14,-2,-3,1
191,8,17,0,-1,4
192,8,25,-4,0,-3
193,8,25,0,4,3
194,8,26,3,-4,1
195,8,33,1,4,-4
196,8,41,-5,0,4
197,8,41,1,-6,-2
198,8,43,5,3,3
199,8,45,-4,-5,-2
200,8,45,5,-2,4
201,8,46,-1,-3,-6
202,8,46,3,6,-1
203,8,49,6,-2,-3
204,8,57,-4,5,-4
205,8,59,-5,5,3
206,8,61,0,-6,5
207,8,61,6,3,-4
208,8,68,4,-4,-6
209,8,75,-5,-5,5
210,8,76,-6,-2,-6
211,8,76,2,6,6
212,9,11,-1,-3,1
213,9,14,2,-1,-3
214,9,17,4,1,0
215,9,18,-3,0,-3
216,9,18,1,-1,4
217,9,26,1,4,3
218,9,32,-4,0,4
219,9,33,4,-4,1
220,9,36,2,4,-4
221,9,38,-3,-5,-2
222,9,41,-6,-2,1
223,9,44,2,-6,-2
224,9,45,-6,3,0
225,9,45,0,-3,-6
226,9,50,-4,5,3
227,9,50,-3,5,-4
228,9,53,4,6,-1
229,9,54,6,3,3
230,9,56,6,-2,4
231,9,62,1,-6,5
232,9,65,-5,-2,-6
233,9,66,-4,-5,5
234,9,77,5,-4,-6
235,9,81,3,6,6
236,10,10,0,-3,1
237,10,13,-2,0,-3
238,10,19,3,-1,-3
239,10,21,2,-1,4
240,10,25,-3,0,4
241,10,26,5,1,0
242,10,29,2,4,3
243,10,30,-5,-2,1
244,10,33,-2,-5,-2
245,10,34,-5,3,0
246,10,41,3,4,-4
247,10,42,5,-4,1
248,10,43,-3,5,3
249,10,45,-2,5,-4
250,10,46,1,-3,-6
251,10,49,3,-6,-2
252,10,56,-4,-2,-6
253,10,59,-3,-5,5
254,10,62,5,6,-1
255,10,65,2,-6,5
256,10,88,4,6,6
257,10,88,6,-4,-6
258,11,10,-1,0,-3
259,11,11,1,-3,1
260,11,20,-2,0,4
261,11,21,-4,-2,1
262,11,25,-4,3,0
263,11,26,3,-1,4
264,11,26,4,-1,-3
265,11,30,-1,-5,-2
266,11,34,3,4,3
267,11,37,6,1,0
268,11,38,-2,5,3
269,11,42,-1,5,-4
270,11,46,-6,1,-3
271,11,48,4,4,-4
272,11,49,-3,-2,-6
273,11,49,2,-3,-6
274,11,53,6,-4,1
275,11,54,-2,-5,5
276,11,56,-6,-4,-2
277,11,56,4,-6,-2
278,11,70,3,-6,5
279,11,73,6,6,-1
280,11,88,-6,6,-4
281,11,97,5,6,6
282,12,9,0,0,-3
283,12,14,-3,-2,1
284,12,14,2,-3,1
285,12,17,-1,0,4
286,12,18,-3,3,0
287,12,29,0,-5,-2
288,12,33,4,-1,4
289,12,35,-5,1,-3
290,12,35,-1,5,3
291,12,35,5,-1,-3
292,12,41,0,5,-4
293,12,41,4,4,3
294,12,44,-2,-2,-6
295,12,45,-5,-4,-2
296,12,51,-1,-5,5
297,12,53,-6,1,4
298,12,54,3,-3,-6
299,12,57,5,4,-4
300,12,65,5,-6,-2
301,12,77,-6,-4,5
302,12,77,-5,6,-4
303,12,77,4,-6,5
304,12,81,-6,6,3
305,12,108,6,6,6
306,13,10,1,0,-3
307,13,13,-2,3,0
308,13,13,3,2,0
309,13,16,0,0,4
310,13,19,3,-3,1
311,13,26,-4,1,-3
312,13,30,1,-5,-2
313,13,34,0,5,3
314,13,36,-4,-4,-2
315,13,41,-1,-2,-6
316,13,42,-5,1,4
317,13,42,1,5,-4
318,13,42,5,-1,4
319,13,46,6,-1,-3
320,13,50,0,-5,5
321,13,50,5,4,3
322,13,61,4,-3,-6
323,13,66,-5,-4,5
324,13,68,-4,6,-4
325,13,68,6,4,-4
326,13,70,-5,6,3
327,13,73,-6,-1,-6
328,13,76,6,-6,-2
329,13,86,5,-6,5
330,13,97,-6,-6,-5
331,14,10,-1,3,0
332,14,13,2,0,-3
333,14,17,1,0,4
334,14,19,-3,1,-3
335,14,20,4,2,0
336,14,26,4,-3,1
337,14,29,-3,-4,-2
338,14,33,-4,1,4
339,14,33,2,-5,-2
340,14,35,1,5,3
341,14,38,-6,-1,1
342,14,40,0,-2,-6
343,14,45,2,5,-4
344,14,51,1,-5,5
345,14,52,-6,4,0
346,14,53,6,-1,4
347,14,57,-4,-4,5
348,14,61,-4,6,3
349,14,61,-3,6,-4
350,14,61,6,4,3
351,14,62,-5,-1,-6
352,14,70,5,-3,-6
353,14,76,-6,-6,2
354,14,86,-5,-6,-5
355,14,97,6,-6,5
356,15,9,0,3,0
357,15,14,-2,1,-3
358,15,18,3,0,-3
359,15,20,2,0,4
360,15,24,-2,-4,-2
361,15,26,-3,1,4
362,15,27,-5,-1,1
363,15,29,5,2,0
364,15,35,5,-3,1
365,15,38,2,5,3
366,15,38,3,-5,-2
367,15,41,-5,4,0
368,15,41,1,-2,-6
369,15,50,-3,-4,5
370,15,50,3,5,-4
371,15,53,-4,-1,-6
372,15,54,-3,6,3
373,15,54,2,-5,5
374,15,56,-2,6,-4
375,15,65,-5,-6,2
376,15,77,-4,-6,-5
377,15,81,6,-3,-6
378,16,10,1,3,0
379,16,11,-1,1,-3
380,16,18,-4,-1,1
381,16,21,-2,1,4
382,16,21,-1,-4,-2
383,16,25,3,0,4
384,16,25,4,0,-3
385,16,32,-4,4,0
386,16,40,6,2,0
387,16,43,3,5,3
388,16,44,2,-2,-6
389,16,45,-2,-4,5
390,16,45,4,-5,-2
391,16,46,-3,-1,-6
392,16,46,6,-3,1
393,16,49,-6,-3,-2
394,16,49,-6,2,-3
395,16,49,-2,6,3
396,16,53,-1,6,-4
397,16,56,-4,-6,2
398,16,57,4,5,-4
399,16,59,3,-5,5
400,16,70,-3,-6,-5
401,17,10,0,1,-3
402,17,11,-3,-1,1
403,17,13,2,3,0
404,17,18,-1,1,4
405,17,20,0,-4,-2
406,17,25,-3,4,0
407,17,32,4,0,4
408,17,34,5,0,-3
409,17,38,-5,-3,-2
410,17,38,-5,2,-3
411,17,41,-2,-1,-6
412,17,42,-1,-4,5
413,17,46,-1,6,3
414,17,49,-3,-6,2
415,17,49,3,-2,-6
416,17,50,4,5,3
417,17,52,0,6,-4
418,17,54,5,-5,-2
419,17,56,-6,2,4
420,17,65,-2,-6,-5
421,17,66,4,-5,5
422,17,66,5,5,-4
423,17,70,-6,-3,5
424,18,11,1,1,-3
425,18,14,3,-2,1
426,18,17,0,1,4
427,18,18,3,3,0
428,18,20,-2,4,0
429,18,21,1,-4,-2
430,18,29,-4,-3,-2
431,18,29,-4,2,-3
432,18,38,-1,-1,-6
433,18,41,0,-4,5
434,18,41,5,0,4
435,18,44,-2,-6,2
436,18,45,-5,2,4
437,18,45,0,6,3
438,18,45,6,0,-3
439,18,53,1,6,-4
440,18,56,4,-2,-6
441,18,59,-5,-3,5
442,18,59,5,5,3
443,18,62,-1,-6,-5
444,18,65,6,-5,-2
445,18,72,-6,0,-6
446,18,75,5,-5,5
447,18,77,6,5,-4
448,18,86,-6,-5,-5
449,19,14,2,1,-3
450,19,17,-1,4,0
451,19,18,1,1,4
452,19,21,4,-2,1
453,19,22,-3,-3,-2
454,19,22,-3,2,-3
455,19,24,2,-4,-2
456,19,25,4,3,0
457,19,36,-4,2,4
458,19,37,-6,0,1
459,19,37,0,-1,-6
460,19,41,-1,-6,2
461,19,42,1,-4,5
462,19,46,1,6,3
463,19,50,-4,-3,5
464,19,52,6,0,4
465,19,56,2,6,-4
466,19,61,-6,5,0
467,19,61,-5,0,-6
468,19,61,0,-6,-5
469,19,65,-6,-5,2
470,19,65,5,-2,-6
471,19,70,6,5,3
472,19,75,-5,-5,-5
473,19,86,6,-5,5
474,20,16,0,4,0
475,20,17,-2,-3,-2
476,20,17,-2,2,-3
477,20,19,3,1,-3
478,20,21,2,1,4
479,20,26,-5,0,1
480,20,29,-3,2,4
481,20,29,3,-4,-2
482,20,30,5,-2,1
483,20,34,5,3,0
484,20,38,1,-1,-6
485,20,40,0,-6,2
486,20,43,-3,-3,5
487,20,45,2,-4,5
488,20,49,2,6,3
489,20,50,-5,5,0
490,20,52,-4,0,-6
491,20,54,-5,-5,2
492,20,61,3,6,-4
493,20,62,1,-6,-5
494,20,66,-4,-5,-5
495,20,76,6,-2,-6
496,21,14,-1,-3,-2
497,21,14,-1,2,-3
498,21,17,-4,0,1
499,21,17,1,4,0
500,21,24,-2,2,4
501,21,26,3,1,4
502,21,26,4,1,-3
503,21,36,4,-4,-2
504,21,38,-2,-3,5
505,21,41,-4,5,0
506,21,41,1,-6,2
507,21,41,2,-1,-6
508,21,41,6,-2,1
509,21,44,-6,-2,-2
510,21,45,-4,-5,2
511,21,45,-3,0,-6
512,21,45,6,3,0
513,21,50,3,-4,5
514,21,54,-6,3,-3
515,21,54,3,6,3
516,21,59,-3,-5,-5
517,21,65,2,-6,-5
518,21,68,4,6,-4
519,22,10,-3,0,1
520,22,13,0,-3,-2
521,22,13,0,2,-3
522,22,20,2,4,0
523,22,21,-1,2,4
524,22,33,-5,-2,-2
525,22,33,4,1,4
526,22,34,-3,5,0
527,22,35,-1,-3,5
528,22,35,5,1,-3
529,22,38,-3,-5,2
530,22,40,-2,0,-6
531,22,43,-5,3,-3
532,22,44,2,-6,2
533,22,45,5,-4,-2
534,22,46,3,-1,-6
535,22,54,-2,-5,-5
536,22,57,4,-4,5
537,22,61,-6,3,4
538,22,61,4,6,3
539,22,65,-6,-2,5
540,22,70,3,-6,-5
541,22,77,5,6,-4
542,23,11,3,-1,1
543,23,14,1,-3,-2
544,23,14,1,2,-3
545,23,20,0,2,4
546,23,24,-4,-2,-2
547,23,25,3,4,0
548,23,29,-2,5,0
549,23,33,-2,-5,2
550,23,34,-4,3,-3
551,23,34,0,-3,5
552,23,37,-1,0,-6
553,23,42,5,1,4
554,23,46,6,1,-3
555,23,49,3,-6,2
556,23,50,-5,3,4
557,23,51,-1,-5,-5
558,23,53,4,-1,-6
559,23,54,-5,-2,5
560,23,56,6,-4,-2
561,23,66,5,-4,5
562,23,70,5,6,3
563,23,73,-6,1,-6
564,23,77,-6,-4,-5
565,23,77,4,-6,-5
566,23,88,6,6,-4
567,24,17,-3,-2,-2
568,24,17,2,-3,-2
569,24,17,2,2,-3
570,24,18,4,-1,1
571,24,21,1,2,4
572,24,26,-1,5,0
573,24,27,-3,3,-3
574,24,30,-1,-5,2
575,24,32,4,4,0
576,24,35,1,-3,5
577,24,36,0,0,-6
578,24,38,-6,1,1
579,24,41,-4,3,4
580,24,45,-4,-2,5
581,24,50,0,-5,-5
582,24,53,6,1,4
583,24,56,-6,-4,2
584,24,56,4,-6,2
585,24,62,-5,1,-6
586,24,62,5,-1,-6
587,24,66,-5,-4,-5
588,24,72,-6,6,0
589,24,77,6,-4,5
590,24,81,6,6,3
591,24,86,5,-6,-5
592,25,12,-2,-2,-2
593,25,22,-2,3,-3
594,25,22,3,-3,-2
595,25,22,3,2,-3
596,25,24,2,2,4
597,25,25,0,5,0
598,25,27,-5,1,1
599,25,27,5,-1,1
600,25,29,0,-5,2
601,25,34,-3,3,4
602,25,37,1,0,-6
603,25,38,-3,-2,5
604,25,38,2,-3,5
605,25,41,5,4,0
606,25,45,-5,-4,2
607,25,51,1,-5,-5
608,25,53,-4,1,-6
609,25,57,-4,-4,-5
610,25,61,-5,6,0
611,25,65,5,-6,2
612,25,73,6,-1,-6
613,25,97,6,-6,-5
614,26,9,-1,-2,-2
615,26,18,-4,1,1
616,26,19,-1,3,-3
617,26,26,1,5,0
618,26,29,-2,3,4
619,26,29,3,2,4
620,26,29,4,-3,-2
621,26,29,4,2,-3
622,26,30,1,-5,2
623,26,33,-2,-2,5
624,26,36,-4,-4,2
625,26,38,6,-1,1
626,26,40,2,0,-6
627,26,41,-6,-1,-2
628,26,43,3,-3,5
629,26,46,-3,1,-6
630,26,50,-3,-4,-5
631,26,52,-4,6,0
632,26,52,6,4,0
633,26,54,2,-5,-5
634,26,61,-6,4,-3
635,26,73,-6,-6,-1
636,26,76,6,-6,2
637,27,8,0,-2,-2
638,27,11,-3,1,1
639,27,18,0,3,-3
640,27,26,-1,3,4
641,27,29,-3,-4,2
642,27,29,2,5,0
643,27,30,-5,-1,-2
644,27,30,-1,-2,5
645,27,33,2,-5,2
646,27,36,4,2,4
647,27,38,5,-3,-2
648,27,38,5,2,-3
649,27,41,-2,1,-6
650,27,45,-3,6,0
651,27,45,-2,-4,-5
652,27,45,3,0,-6
653,27,50,-5,4,-3
654,27,50,4,-3,5
655,27,59,3,-5,-5
656,27,62,-6,-1,5
657,27,62,-5,-6,-1
658,27,68,-6,4,4
659,27,108,-6,-6,6
660,28,9,1,-2,-2
661,28,10,3,0,1
662,28,19,1,3,-3
663,28,21,-4,-1,-2
664,28,24,-2,-4,2
665,28,25,0,3,4
666,28,29,0,-2,5
667,28,34,3,5,0
668,28,38,-1,1,-6
669,28,38,3,-5,2
670,28,40,-2,6,0
671,28,41,-4,4,-3
672,28,42,-1,-4,-5
673,28,45,5,2,4
674,28,49,6,-3,-2
675,28,49,6,2,-3
676,28,51,-5,-1,5
677,28,52,4,0,-6
678,28,53,-4,-6,-1
679,28,57,-5,4,4
680,28,59,5,-3,5
681,28,66,4,-5,-5
682,28,70,-6,-3,-5
683,28,76,-6,2,-6
684,28,97,-5,-6,6
685,29,12,2,-2,-2
686,29,14,-3,-1,-2
687,29,17,4,0,1
688,29,21,-1,-4,2
689,29,22,2,3,-3
690,29,26,1,3,4
691,29,30,1,-2,5
692,29,34,-3,4,-3
693,29,37,-1,6,0
694,29,37,0,1,-6
695,29,41,-6,2,1
696,29,41,0,-4,-5
697,29,41,4,5,0
698,29,42,-4,-1,5
699,29,45,4,-5,2
700,29,46,-3,-6,-1
701,29,48,-4,4,4
702,29,49,-6,-3,2
703,29,56,6,2,4
704,29,59,-5,-3,-5
705,29,61,5,0,-6
706,29,65,-5,2,-6
707,29,70,6,-3,5
708,29,75,5,-5,-5
709,29,88,-4,-6,6
710,30,9,-2,-1,-2
711,30,17,3,-2,-2
712,30,20,0,-4,2
713,30,26,5,0,1
714,30,27,3,3,-3
715,30,29,-2,4,-3
716,30,29,2,3,4
717,30,30,-5,2,1
718,30,33,2,-2,5
719,30,35,-3,-1,5
720,30,36,0,6,0
721,30,38,-5,-3,2
722,30,38,1,1,-6
723,30,41,-3,4,4
724,30,41,-2,-6,-1
725,30,42,1,-4,-5
726,30,50,-4,-3,-5
727,30,50,5,5,0
728,30,54,5,-5,2
729,30,56,-4,2,-6
730,30,72,6,0,-6
731,30,81,-3,-6,6
732,30,86,6,-5,-5
733,31,6,-1,-1,-2
734,31,21,-4,2,1
735,31,21,1,-4,2
736,31,24,4,-2,-2
737,31,26,-1,4,-3
738,31,29,-4,-3,2
739,31,30,-2,-1,5
740,31,34,3,3,4
741,31,34,4,3,-3
742,31,36,-2,4,4
743,31,37,1,6,0
744,31,37,6,0,1
745,31,38,-1,-6,-1
746,31,38,3,-2,5
747,31,40,-6,0,-2
748,31,41,2,1,-6
749,31,43,-3,-3,-5
750,31,45,2,-4,-5
751,31,49,-3,2,-6
752,31,61,6,5,0
753,31,62,-6,-5,-1
754,31,65,6,-5,2
755,31,70,-6,5,-3
756,31,76,-2,-6,6
757,32,6,2,1,1
758,32,14,-3,2,1
759,32,22,-3,-3,2
760,32,24,2,-4,2
761,32,25,0,4,-3
762,32,27,-1,-1,5
763,32,29,-5,0,-2
764,32,33,-1,4,4
765,32,33,5,-2,-2
766,32,37,0,-6,-1
767,32,38,-2,-3,-5
768,32,40,2,6,0
769,32,41,4,3,4
770,32,43,5,3,-3
771,32,44,-2,2,-6
772,32,45,4,-2,5
773,32,46,3,1,-6
774,32,50,3,-4,-5
775,32,51,-5,-5,-1
776,32,59,-5,5,-3
777,32,61,-6,0,5
778,32,73,-1,-6,6
779,32,77,-6,5,4
780,32,97,-6,-5,6
781,33,9,-2,2,1
782,33,11,3,1,1
783,33,17,-2,-3,2
784,33,20,-4,0,-2
785,33,26,0,-1,5
786,33,26,1,4,-3
787,33,29,3,-4,2
788,33,32,0,4,4
789,33,35,-1,-3,-5
790,33,38,1,-6,-1
791,33,41,-1,2,-6
792,33,42,-4,-5,-1
793,33,44,6,-2,-2
794,33,45,3,6,0
795,33,50,-5,0,5
796,33,50,-4,5,-3
797,33,50,5,3,4
798,33,53,4,1,-6
799,33,54,5,-2,5
800,33,54,6,3,-3
801,33,57,4,-4,-5
802,33,65,-6,-2,-5
803,33,66,-5,5,4
804,33,72,0,-6,6
805,33,81,-6,3,-6
806,33,86,-5,-5,6
807,34,9,2,-1,-2
808,34,13,-3,0,-2
809,34,14,-1,-3,2
810,34,18,4,1,1
811,34,27,1,-1,5
812,34,29,2,4,-3
813,34,33,1,4,4
814,34,34,0,-3,-5
815,34,35,-3,-5,-1
816,34,36,4,-4,2
817,34,40,0,2,-6
818,34,41,-4,0,5
819,34,41,2,-6,-1
820,34,43,-3,5,-3
821,34,44,-6,-2,2
822,34,46,-6,3,1
823,34,52,4,6,0
824,34,54,-5,-2,-5
825,34,57,-4,5,4
826,34,61,6,3,4
827,34,62,5,1,-6
828,34,65,6,-2,5
829,34,66,5,-4,-5
830,34,70,-5,3,-6
831,34,73,1,-6,6
832,34,77,-4,-5,6
833,35,8,-2,0,-2
834,35,13,0,-3,2
835,35,14,3,-1,-2
836,35,27,5,1,1
837,35,30,-2,-5,-1
838,35,30,2,-1,5
839,35,33,-5,-2,2
840,35,34,-3,0,5
841,35,34,3,4,-3
842,35,35,-5,3,1
843,35,35,1,-3,-5
844,35,36,2,4,4
845,35,38,-2,5,-3
846,35,41,1,2,-6
847,35,45,-4,-2,-5
848,35,45,5,-4,2
849,35,46,3,-6,-1
850,35,50,-3,5,4
851,35,61,-4,3,-6
852,35,61,5,6,0
853,35,70,-3,-5,6
854,35,73,6,1,-6
855,35,76,2,-6,6
856,35,77,6,-4,-5
857,36,6,1,2,1
858,36,14,1,-3,2
859,36,21,4,-1,-2
860,36,24,-4,-2,2
861,36,26,-4,3,1
862,36,27,-1,-5,-1
863,36,29,-2,0,5
864,36,35,-1,5,-3
865,36,35,3,-1,5
866,36,38,-3,-2,-5
867,36,38,2,-3,-5
868,36,38,6,1,1
869,36,41,-6,1,-2
870,36,41,3,4,4
871,36,41,4,4,-3
872,36,44,2,2,-6
873,36,45,-2,5,4
874,36,53,-6,-4,-1
875,36,53,4,-6,-1
876,36,54,-3,3,-6
877,36,56,6,-4,2
878,36,65,-2,-5,6
879,36,72,6,6,0
880,36,81,-6,6,-3
881,36,81,3,-6,6
882,37,9,2,2,1
883,37,17,-3,-2,2
884,37,17,2,-3,2
885,37,19,-3,3,1
886,37,26,-1,0,5
887,37,26,0,-5,-1
888,37,30,-5,1,-2
889,37,30,5,-1,-2
890,37,33,-2,-2,-5
891,37,34,0,5,-3
892,37,42,-5,-4,-1
893,37,42,-1,5,4
894,37,42,4,-1,5
895,37,43,3,-3,-5
896,37,48,4,4,4
897,37,49,-2,3,-6
898,37,49,3,2,-6
899,37,50,5,4,-3
900,37,62,-6,1,5
901,37,62,-1,-5,6
902,37,62,5,-6,-1
903,37,70,-5,6,-3
904,37,88,-6,-4,6
905,37,88,-6,6,4
906,37,88,4,-6,6
907,38,12,-2,-2,2
908,38,14,-2,3,1
909,38,14,3,2,1
910,38,21,-4,1,-2
911,38,22,3,-3,2
912,38,25,0,0,5
913,38,27,1,-5,-1
914,38,30,-1,-2,-5
915,38,33,-4,-4,-1
916,38,35,1,5,-3
917,38,41,0,5,4
918,38,41,6,-1,-2
919,38,46,-1,3,-6
920,38,50,4,-3,-5
921,38,51,-5,1,5
922,38,51,5,-1,5
923,38,56,4,2,-6
924,38,57,5,4,4
925,38,61,-4,6,-3
926,38,61,0,-5,6
927,38,61,6,4,-3
928,38,62,-6,-1,-5
929,38,73,6,-6,-1
930,38,77,-5,-4,6
931,38,77,-5,6,4
932,38,88,-6,-6,-4
933,38,88,-6,4,-6
934,38,97,5,-6,6
935,39,9,-1,-2,2
936,39,11,-1,3,1
937,39,14,-3,1,-2
938,39,21,4,2,1
939,39,26,-3,-4,-1
940,39,26,1,0,5
941,39,29,0,-2,-5
942,39,29,4,-3,2
943,39,30,2,-5,-1
944,39,38,2,5,-3
945,39,41,-6,-1,2
946,39,42,-4,1,5
947,39,42,1,5,4
948,39,45,0,3,-6
949,39,51,-5,-1,-5
950,39,53,-6,4,1
951,39,54,-3,6,-3
952,39,59,5,-3,-5
953,39,62,1,-5,6
954,39,62,6,-1,5
955,39,65,5,2,-6
956,39,68,-4,-4,6
957,39,68,-4,6,4
958,39,68,6,4,4
959,39,77,-5,-6,-4
960,39,77,-5,4,-6
961,39,81,-6,-6,3
962,39,108,6,-6,6
963,40,9,-2,1,-2
964,40,10,0,3,1
965,40,13,3,0,-2
966,40,21,-2,-4,-1
967,40,29,2,0,5
968,40,30,-5,-1,2
969,40,30,1,-2,-5
970,40,30,5,2,1
971,40,35,-3,1,5
972,40,35,3,-5,-1
973,40,38,5,-3,2
974,40,42,-5,4,1
975,40,42,-4,-1,-5
976,40,43,3,5,-3
977,40,45,2,5,4
978,40,46,1,3,-6
979,40,49,-2,6,-3
980,40,61,-3,-4,6
981,40,61,-3,6,4
982,40,65,2,-5,6
983,40,68,-4,-6,-4
984,40,68,-4,4,-6
985,40,70,-5,-6,3
986,40,70,6,-3,-5
987,40,76,6,2,-6
988,41,9,1,-2,2
989,41,11,1,3,1
990,41,18,-1,-4,-1
991,41,20,4,0,-2
992,41,21,-4,-1,2
993,41,30,-2,1,5
994,41,33,-4,4,1
995,41,33,2,-2,-5
996,41,34,3,0,5
997,41,35,-3,-1,-5
998,41,41,6,2,1
999,41,42,4,-5,-1
1000,41,44,-6,2,-2
1001,41,46,-6,-3,-1
1002,41,46,-1,6,-3
1003,41,49,2,3,-6
1004,41,49,6,-3,2
1005,41,50,3,5,4
1006,41,50,4,5,-3
1007,41,56,-2,-4,6
1008,41,56,-2,6,4
1009,41,61,-4,-6,3
1010,41,61,-3,-6,-4
1011,41,61,-3,4,-6
1012,41,70,3,-5,6
1013,42,12,2,-2,2
1014,42,14,-3,-1,2
1015,42,14,2,3,1
1016,42,17,0,-4,-1
1017,42,26,-3,4,1
1018,42,27,-1,1,5
1019,42,29,5,0,-2
1020,42,30,-2,-1,-5
1021,42,33,-5,2,-2
1022,42,35,-5,-3,-1
1023,42,38,3,-2,-5
1024,42,41,4,0,5
1025,42,45,0,6,-3
1026,42,51,5,-5,-1
1027,42,53,-1,-4,6
1028,42,53,-1,6,4
1029,42,54,-3,-6,3
1030,42,54,3,3,-6
1031,42,56,-2,-6,-4
1032,42,56,-2,4,-6
1033,42,57,4,5,4
1034,42,59,5,5,-3
1035,42,65,-6,2,5
1036,42,77,4,-5,6
1037,42,81,-6,-3,6
1038,43,9,-2,-1,2
1039,43,17,3,-2,2
1040,43,18,1,-4,-1
1041,43,19,3,3,1
1042,43,21,-2,4,1
1043,43,24,-4,2,-2
1044,43,26,-4,-3,-1
1045,43,26,0,1,5
1046,43,27,-1,-1,-5
1047,43,40,6,0,-2
1048,43,45,4,-2,-5
1049,43,46,1,6,-3
1050,43,49,-2,-6,3
1051,43,50,5,0,5
1052,43,52,0,-4,6
1053,43,52,0,6,4
1054,43,53,-1,-6,-4
1055,43,53,-1,4,-6
1056,43,54,-5,2,5
1057,43,61,-6,0,-5
1058,43,61,4,3,-6
1059,43,62,6,-5,-1
1060,43,66,5,5,4
1061,43,70,-5,-3,6
1062,43,70,6,5,-3
1063,43,77,-6,-5,-4
1064,43,86,5,-5,6
1065,43,97,-6,5,-6
1066,44,9,2,1,-2
1067,44,17,-3,2,-2
1068,44,18,-1,4,1
1069,44,19,-3,-3,-1
1070,44,21,2,-4,-1
1071,44,24,4,-2,2
1072,44,26,0,-1,-5
1073,44,26,4,3,1
1074,44,27,1,1,5
1075,44,40,-6,0,2
1076,44,45,-4,2,5
1077,44,46,-1,-6,3
1078,44,49,2,6,-3
1079,44,50,-5,0,-5
1080,44,52,0,-6,-4
1081,44,52,0,4,-6
1082,44,53,1,-4,6
1083,44,53,1,6,4
1084,44,54,5,-2,-5
1085,44,61,-4,-3,6
1086,44,61,6,0,5
1087,44,62,-6,5,1
1088,44,66,-5,-5,-4
1089,44,70,-6,-5,3
1090,44,70,5,3,-6
1091,44,77,6,5,4
1092,44,86,-5,5,-6
1093,44,97,6,-5,6
1094,45,12,-2,2,-2
1095,45,14,-2,-3,-1
1096,45,14,3,1,-2
1097,45,17,0,4,1
1098,45,26,3,-4,-1
1099,45,27,1,-1,-5
1100,45,29,-5,0,2
1101,45,30,2,1,5
1102,45,33,5,-2,2
1103,45,35,5,3,1
1104,45,38,-3,2,5
1105,45,41,-4,0,-5
1106,45,45,0,-6,3
1107,45,51,-5,5,1
1108,45,53,1,-6,-4
1109,45,53,1,4,-6
1110,45,54,-3,-3,6
1111,45,54,3,6,-3
1112,45,56,2,-4,6
1113,45,56,2,6,4
1114,45,57,-4,-5,-4
1115,45,59,-5,-5,3
1116,45,65,6,-2,-5
1117,45,77,-4,5,-6
1118,45,81,6,3,-6
1119,46,9,-1,2,-2
1120,46,11,-1,-3,-1
1121,46,18,1,4,1
1122,46,20,-4,0,2
1123,46,21,4,1,-2
1124,46,30,2,-1,-5
1125,46,33,-2,2,5
1126,46,33,4,-4,-1
1127,46,34,-3,0,-5
1128,46,35,3,1,5
1129,46,41,-6,-2,-1
1130,46,42,-4,5,1
1131,46,44,6,-2,2
1132,46,46,1,-6,3
1133,46,46,6,3,1
1134,46,49,-6,3,-2
1135,46,49,-2,-3,6
1136,46,50,-4,-5,3
1137,46,50,-3,-5,-4
1138,46,56,2,-6,-4
1139,46,56,2,4,-6
1140,46,61,3,-4,6
1141,46,61,3,6,4
1142,46,61,4,6,-3
1143,46,70,-3,5,-6
1144,47,9,2,-1,2
1145,47,10,0,-3,-1
1146,47,13,-3,0,2
1147,47,21,2,4,1
1148,47,29,-2,0,-5
1149,47,30,-5,-2,-1
1150,47,30,-1,2,5
1151,47,30,5,1,-2
1152,47,35,-3,5,1
1153,47,35,3,-1,-5
1154,47,38,-5,3,-2
1155,47,42,4,1,5
1156,47,42,5,-4,-1
1157,47,43,-3,-5,3
1158,47,45,-2,-5,-4
1159,47,46,-1,-3,6
1160,47,49,2,-6,3
1161,47,61,3,-6,-4
1162,47,61,3,4,-6
1163,47,65,-2,5,-6
1164,47,68,4,-4,6
1165,47,68,4,6,4
1166,47,70,-6,3,5
1167,47,70,5,6,-3
1168,47,76,-6,-2,6
1169,48,9,1,2,-2
1170,48,11,1,-3,-1
1171,48,14,3,-1,2
1172,48,21,-4,-2,-1
1173,48,26,-1,0,-5
1174,48,26,3,4,1
1175,48,29,-4,3,-2
1176,48,29,0,2,5
1177,48,30,-2,5,1
1178,48,38,-2,-5,3
1179,48,41,6,1,-2
1180,48,42,-1,-5,-4
1181,48,42,4,-1,-5
1182,48,45,0,-3,6
1183,48,51,5,1,5
1184,48,53,6,-4,-1
1185,48,54,3,-6,3
1186,48,59,-5,3,5
1187,48,62,-6,1,-5
1188,48,62,-1,5,-6
1189,48,65,-5,-2,6
1190,48,68,-6,-4,-4
1191,48,68,4,-6,-4
1192,48,68,4,4,-6
1193,48,77,5,-4,6
1194,48,77,5,6,4
1195,48,81,6,6,-3
1196,48,108,-6,6,-6
1197,49,12,2,2,-2
1198,49,14,-3,-2,-1
1199,49,14,2,-3,-1
1200,49,21,4,-1,2
1201,49,22,-3,3,-2
1202,49,25,0,0,-5
1203,49,27,-1,5,1
1204,49,30,1,2,5
1205,49,33,4,4,1
1206,49,35,-1,-5,3
1207,49,41,-6,1,2
1208,49,41,0,-5,-4
1209,49,46,1,-3,6
1210,49,50,-4,3,5
1211,49,51,-5,1,-5
1212,49,51,5,-1,-5
1213,49,56,-4,-2,6
1214,49,57,-5,-4,-4
1215,49,61,-6,-4,3
1216,49,61,0,5,-6
1217,49,61,4,-6,3
1218,49,62,6,1,5
1219,49,73,-6,6,1
1220,49,77,5,-6,-4
1221,49,77,5,4,-6
1222,49,88,6,-4,6
1223,49,88,6,6,4
1224,49,97,-5,6,-6
1225,50,9,-2,-2,-1
1226,50,17,-2,3,-2
1227,50,17,3,2,-2
1228,50,19,3,-3,-1
1229,50,26,0,5,1
1230,50,26,1,0,-5
1231,50,30,-5,1,2
1232,50,30,5,-1,2
1233,50,33,2,2,5
1234,50,34,0,-5,3
1235,50,42,-4,1,-5
1236,50,42,1,-5,-4
1237,50,42,5,4,1
1238,50,43,-3,3,5
1239,50,48,-4,-4,-4
1240,50,49,-3,-2,6
1241,50,49,2,-3,6
1242,50,50,-5,-4,3
1243,50,62,-5,6,1
1244,50,62,1,5,-6
1245,50,62,6,-1,-5
1246,50,70,5,-6,3
1247,50,88,-4,6,-6
1248,50,88,6,-6,-4
1249,50,88,6,4,-6
1250,51,6,-1,-2,-1
1251,51,14,-1,3,-2
1252,51,21,-4,1,2
1253,51,24,4,2,-2
1254,51,26,4,-3,-1
1255,51,27,1,5,1
1256,51,29,2,0,-5
1257,51,35,-3,1,-5
1258,51,35,1,-5,3
1259,51,38,-6,-1,-1
1260,51,38,-2,3,5
1261,51,38,3,2,5
1262,51,41,-4,-4,3
1263,51,41,-3,-4,-4
1264,51,41,6,-1,2
1265,51,44,-2,-2,6
1266,51,45,2,-5,-4
1267,51,53,-4,6,1
1268,51,53,6,4,1
1269,51,54,3,-3,6
1270,51,56,-6,4,-2
1271,51,65,2,5,-6
1272,51,72,-6,-6,0
1273,51,81,-3,6,-6
1274,51,81,6,-6,3
1275,52,8,2,0,2
1276,52,13,0,3,-2
1277,52,14,-3,1,2
1278,52,27,-5,-1,-1
1279,52,30,-2,1,-5
1280,52,30,2,5,1
1281,52,33,5,2,-2
1282,52,34,-3,-4,3
1283,52,34,3,0,-5
1284,52,35,-1,3,5
1285,52,35,5,-3,-1
1286,52,36,-2,-4,-4
1287,52,38,2,-5,3
1288,52,41,-1,-2,6
1289,52,45,-5,4,-2
1290,52,45,4,2,5
1291,52,46,-3,6,1
1292,52,50,3,-5,-4
1293,52,61,-5,-6,0
1294,52,61,4,-3,6
1295,52,70,3,5,-6
1296,52,73,-6,-1,6
1297,52,76,-2,6,-6
1298,52,77,-6,4,5
1299,53,9,-2,1,2
1300,53,13,3,0,2
1301,53,14,1,3,-2
1302,53,18,-4,-1,-1
1303,53,27,-1,1,-5
1304,53,29,-2,-4,3
1305,53,33,-1,-4,-4
1306,53,34,0,3,5
1307,53,35,3,5,1
1308,53,36,-4,4,-2
1309,53,40,0,-2,6
1310,53,41,-2,6,1
1311,53,41,4,0,-5
1312,53,43,3,-5,3
1313,53,44,6,2,-2
1314,53,46,6,-3,-1
1315,53,52,-4,-6,0
1316,53,54,5,2,5
1317,53,57,4,-5,-4
1318,53,61,-6,-3,-4
1319,53,62,-5,-1,6
1320,53,65,-6,2,-5
1321,53,66,-5,4,5
1322,53,70,5,-3,6
1323,53,73,-1,6,-6
1324,53,77,4,5,-6
1325,54,9,2,-2,-1
1326,54,11,-3,-1,-1
1327,54,17,2,3,-2
1328,54,20,4,0,2
1329,54,26,-1,-4,3
1330,54,26,0,1,-5
1331,54,29,-3,4,-2
1332,54,32,0,-4,-4
1333,54,35,1,3,5
1334,54,38,-1,6,1
1335,54,41,1,-2,6
1336,54,42,4,5,1
1337,54,44,-6,2,2
1338,54,45,-3,-6,0
1339,54,50,-5,-3,-4
1340,54,50,4,-5,3
1341,54,50,5,0,-5
1342,54,53,-4,-1,6
1343,54,54,-6,-3,3
1344,54,54,-5,2,-5
1345,54,57,-4,4,5
1346,54,65,6,2,5
1347,54,66,5,-5,-4
1348,54,72,0,6,-6
1349,54,81,6,-3,6
1350,54,86,5,5,-6
1351,55,6,-2,-1,-1
1352,55,14,3,-2,-1
1353,55,22,3,3,-2
1354,55,24,-2,4,-2
1355,55,25,0,-4,3
1356,55,27,1,1,-5
1357,55,29,5,0,2
1358,55,33,-5,2,2
1359,55,33,1,-4,-4
1360,55,37,0,6,1
1361,55,38,2,3,5
1362,55,40,-2,-6,0
1363,55,41,-4,-3,-4
1364,55,43,-5,-3,3
1365,55,44,2,-2,6
1366,55,45,-4,2,-5
1367,55,46,-3,-1,6
1368,55,50,-3,4,5
1369,55,51,5,5,1
1370,55,59,5,-5,3
1371,55,61,6,0,-5
1372,55,73,1,6,-6
1373,55,77,6,-5,-4
1374,55,97,6,5,-6
1375,56,6,1,1,2
1376,56,21,-1,4,-2
1377,56,21,4,-2,-1
1378,56,24,-4,2,2
1379,56,26,1,-4,3
1380,56,29,4,3,-2
1381,56,30,2,1,-5
1382,56,34,-4,-3,3
1383,56,34,-3,-3,-4
1384,56,36,2,-4,-4
1385,56,37,-6,0,-1
1386,56,37,-1,-6,0
1387,56,38,-3,2,-5
1388,56,38,1,6,1
1389,56,40,6,0,2
1390,56,41,-2,-1,6
1391,56,43,3,3,5
1392,56,45,-2,4,5
1393,56,49,3,-2,6
1394,56,61,-6,-5,0
1395,56,62,6,5,1
1396,56,65,-6,5,-2
1397,56,70,6,-5,3
1398,56,76,2,6,-6
1399,57,9,2,1,2
1400,57,17,-3,2,2
1401,57,20,0,4,-2
1402,57,26,-5,0,-1
1403,57,27,-3,-3,3
1404,57,29,-2,-3,-4
1405,57,29,2,-4,3
1406,57,30,5,-2,-1
1407,57,33,-2,2,-5
1408,57,35,3,1,-5
1409,57,36,0,-6,0
1410,57,38,-1,-1,6
1411,57,38,5,3,-2
1412,57,41,2,6,1
1413,57,41,3,-4,-4
1414,57,42,-1,4,5
1415,57,50,-5,-5,0
1416,57,50,4,3,5
1417,57,54,-5,5,-2
1418,57,56,4,-2,6
1419,57,72,-6,0,6
1420,57,81,3,6,-6
1421,57,86,-6,5,5
1422,58,12,-2,2,2
1423,58,14,3,1,2
1424,58,17,-4,0,-1
1425,58,21,1,4,-2
1426,58,22,-2,-3,3
1427,58,26,-1,-3,-4
1428,58,30,-1,2,-5
1429,58,34,3,-4,3
1430,58,37,0,-1,6
1431,58,37,1,-6,0
1432,58,41,-4,-5,0
1433,58,41,0,4,5
1434,58,41,6,-2,-1
1435,58,42,4,1,-5
1436,58,45,-4,5,-2
1437,58,46,3,6,1
1438,58,48,4,-4,-4
1439,58,49,6,3,-2
1440,58,56,-6,-2,-4
1441,58,59,5,3,5
1442,58,61,-5,0,6
1443,58,65,5,-2,6
1444,58,70,-6,3,-5
1445,58,75,-5,5,5
1446,58,88,4,6,-6
1447,59,9,-1,2,2
1448,59,10,-3,0,-1
1449,59,19,-1,-3,3
1450,59,21,4,1,2
1451,59,24,2,4,-2
1452,59,25,0,-3,-4
1453,59,29,0,2,-5
1454,59,34,-3,-5,0
1455,59,38,-3,5,-2
1456,59,38,1,-1,6
1457,59,40,2,-6,0
1458,59,41,4,-4,3
1459,59,42,1,4,5
1460,59,45,-5,-2,-4
1461,59,49,-6,-2,3
1462,59,49,-6,3,2
1463,59,51,5,1,-5
1464,59,52,-4,0,6
1465,59,53,4,6,1
1466,59,57,5,-4,-4
1467,59,59,-5,3,-5
1468,59,66,-4,5,5
1469,59,70,6,3,5
1470,59,76,6,-2,6
1471,59,97,5,6,-6
1472,60,8,0,2,2
1473,60,11,3,-1,-1
1474,60,18,0,-3,3
1475,60,26,1,-3,-4
1476,60,29,-2,-5,0
1477,60,29,3,4,-2
1478,60,30,1,2,-5
1479,60,30,5,1,2
1480,60,33,-2,5,-2
1481,60,36,-4,-2,-4
1482,60,38,-5,-2,3
1483,60,38,-5,3,2
1484,60,41,2,-1,6
1485,60,45,-3,0,6
1486,60,45,2,4,5
1487,60,45,3,-6,0
1488,60,50,-4,3,-5
1489,60,50,5,-4,3
1490,60,59,-3,5,5
1491,60,62,5,6,1
1492,60,62,6,1,-5
1493,60,68,6,-4,-4
1494,60,108,6,6,-6
1495,61,9,1,2,2
1496,61,18,4,-1,-1
1497,61,19,1,-3,3
1498,61,26,-1,-5,0
1499,61,29,-4,-2,3
1500,61,29,-4,3,2
1501,61,29,-3,-2,-4
1502,61,29,2,-3,-4
1503,61,30,-1,5,-2
1504,61,33,2,2,-5
1505,61,36,4,4,-2
1506,61,38,-6,1,-1
1507,61,40,-2,0,6
1508,61,41,6,1,2
1509,61,43,-3,3,-5
1510,61,46,3,-1,6
1511,61,50,3,4,5
1512,61,52,-6,-4,0
1513,61,52,4,-6,0
1514,61,54,-2,5,5
1515,61,61,6,-4,3
1516,61,73,6,6,1
1517,61,76,-6,6,-2
1518,62,12,2,2,2
1519,62,22,-3,-2,3
1520,62,22,-3,3,2
1521,62,22,2,-3,3
1522,62,24,-2,-2,-4
1523,62,25,0,-5,0
1524,62,27,-5,1,-1
1525,62,27,5,-1,-1
1526,62,29,0,5,-2
1527,62,34,3,-3,-4
1528,62,37,-1,0,6
1529,62,38,-2,3,-5
1530,62,38,3,2,-5
1531,62,41,-5,-4,0
1532,62,45,5,4,-2
1533,62,51,-1,5,5
1534,62,53,4,-1,6
1535,62,57,4,4,5
1536,62,61,5,-6,0
1537,62,65,-5,6,-2
1538,62,73,-6,1,6
1539,62,97,-6,6,5
1540,63,17,-2,-2,3
1541,63,17,-2,3,2
1542,63,17,3,2,2
1543,63,18,-4,1,-1
1544,63,21,-1,-2,-4
1545,63,26,1,-5,0
1546,63,27,3,-3,3
1547,63,30,1,5,-2
1548,63,32,-4,-4,0
1549,63,35,-1,3,-5
1550,63,36,0,0,6
1551,63,38,6,-1,-1
1552,63,41,4,-3,-4
1553,63,45,4,2,-5
1554,63,50,0,5,5
1555,63,53,-6,-1,-4
1556,63,56,-4,6,-2
1557,63,56,6,4,-2
1558,63,62,-5,1,6
1559,63,62,5,-1,6
1560,63,66,5,4,5
1561,63,72,6,-6,0
1562,63,77,-6,4,-5
1563,63,81,-6,-6,-3
1564,63,86,-5,6,5
1565,64,11,-3,1,-1
1566,64,14,-1,-2,3
1567,64,14,-1,3,2
1568,64,20,0,-2,-4
1569,64,24,4,2,2
1570,64,25,-3,-4,0
1571,64,29,2,-5,0
1572,64,33,2,5,-2
1573,64,34,0,3,-5
1574,64,34,4,-3,3
1575,64,37,1,0,6
1576,64,42,-5,-1,-4
1577,64,46,-6,-1,3
1578,64,49,-3,6,-2
1579,64,50,5,-3,-4
1580,64,51,1,5,5
1581,64,53,-4,1,6
1582,64,54,5,2,-5
1583,64,56,-6,4,2
1584,64,66,-5,4,-5
1585,64,70,-5,-6,-3
1586,64,73,6,-1,6
1587,64,77,-4,6,5
1588,64,77,6,4,5
1589,64,88,-6,-6,4
1590,65,10,3,0,-1
1591,65,13,0,-2,3
1592,65,13,0,3,2
1593,65,20,-2,-4,0
1594,65,21,1,-2,-4
1595,65,33,-4,-1,-4
1596,65,33,5,2,2
1597,65,34,3,-5,0
1598,65,35,-5,-1,3
1599,65,35,1,3,-5
1600,65,38,3,5,-2
1601,65,40,2,0,6
1602,65,43,5,-3,3
1603,65,44,-2,6,-2
1604,65,45,-5,4,2
1605,65,46,-3,1,6
1606,65,54,2,5,5
1607,65,57,-4,4,-5
1608,65,61,-4,-6,-3
1609,65,61,6,-3,-4
1610,65,65,6,2,-5
1611,65,70,-3,6,5
1612,65,77,-5,-6,4
1613,66,14,1,-2,3
1614,66,14,1,3,2
1615,66,17,-1,-4,0
1616,66,17,4,0,-1
1617,66,24,2,-2,-4
1618,66,26,-4,-1,3
1619,66,26,-3,-1,-4
1620,66,36,-4,4,2
1621,66,38,2,3,-5
1622,66,41,-6,2,-1
1623,66,41,-2,1,6
1624,66,41,-1,6,-2
1625,66,41,4,-5,0
1626,66,44,6,2,2
1627,66,45,-6,-3,0
1628,66,45,3,0,6
1629,66,45,4,5,-2
1630,66,50,-3,4,-5
1631,66,54,-3,-6,-3
1632,66,54,6,-3,3
1633,66,59,3,5,5
1634,66,65,-2,6,5
1635,66,68,-4,-6,4
1636,67,16,0,-4,0
1637,67,17,2,-2,3
1638,67,17,2,3,2
1639,67,19,-3,-1,3
1640,67,21,-2,-1,-4
1641,67,26,5,0,-1
1642,67,29,-3,4,2
1643,67,29,3,-2,-4
1644,67,30,-5,2,-1
1645,67,34,-5,-3,0
1646,67,38,-1,1,6
1647,67,40,0,6,-2
1648,67,43,3,3,-5
1649,67,45,-2,4,-5
1650,67,49,-2,-6,-3
1651,67,50,5,-5,0
1652,67,52,4,0,6
1653,67,54,5,5,-2
1654,67,61,-3,-6,4
1655,67,62,-1,6,5
1656,67,66,4,5,5
1657,67,76,-6,2,6
1658,68,14,-2,-1,3
1659,68,17,1,-4,0
1660,68,18,-1,-1,-4
1661,68,21,-4,2,-1
1662,68,22,3,-2,3
1663,68,22,3,3,2
1664,68,24,-2,4,2
1665,68,25,-4,-3,0
1666,68,36,4,-2,-4
1667,68,37,0,1,6
1668,68,37,6,0,-1
1669,68,41,1,6,-2
1670,68,42,-1,4,-5
1671,68,46,-1,-6,-3
1672,68,50,4,3,-5
1673,68,52,-6,0,-4
1674,68,56,-2,-6,4
1675,68,61,0,6,5
1676,68,61,5,0,6
1677,68,61,6,-5,0
1678,68,65,-5,2,6
1679,68,65,6,5,-2
1680,68,70,-6,-5,-3
1681,68,75,5,5,5
1682,68,86,-6,5,-5
1683,69,11,-1,-1,3
1684,69,14,-3,2,-1
1685,69,17,0,-1,-4
1686,69,18,-3,-3,0
1687,69,20,2,-4,0
1688,69,21,-1,4,2
1689,69,29,4,-2,3
1690,69,29,4,3,2
1691,69,38,1,1,6
1692,69,41,-5,0,-4
1693,69,41,0,4,-5
1694,69,44,2,6,-2
1695,69,45,-6,0,3
1696,69,45,0,-6,-3
1697,69,45,5,-2,-4
1698,69,53,-1,-6,4
1699,69,56,-4,2,6
1700,69,59,-5,-5,-3
1701,69,59,5,3,-5
1702,69,62,1,6,5
1703,69,65,-6,5,2
1704,69,72,6,0,6
1705,69,75,-5,5,-5
1706,69,77,-6,-5,4
1707,69,86,6,5,5
1708,70,10,0,-1,3
1709,70,11,3,1,-1
1710,70,13,-2,-3,0
1711,70,18,1,-1,-4
1712,70,20,0,4,2
1713,70,25,3,-4,0
1714,70,32,-4,0,-4
1715,70,34,-5,0,3
1716,70,38,5,-2,3
1717,70,38,5,3,2
1718,70,41,2,1,6
1719,70,42,1,4,-5
1720,70,46,1,-6,-3
1721,70,49,-3,2,6
1722,70,49,3,6,-2
1723,70,50,-4,-5,-3
1724,70,52,0,-6,4
1725,70,54,-5,5,2
1726,70,56,6,-2,-4
1727,70,65,2,6,5
1728,70,66,-5,-5,4
1729,70,66,-4,5,-5
1730,70,70,6,3,-5
1731,71,10,-1,-3,0
1732,71,11,1,-1,3
1733,71,18,4,1,-1
1734,71,21,1,4,2
1735,71,21,2,-1,-4
1736,71,25,-4,0,3
1737,71,25,-3,0,-4
1738,71,32,4,-4,0
1739,71,40,-6,-2,0
1740,71,43,-3,-5,-3
1741,71,44,-2,2,6
1742,71,45,-4,5,2
1743,71,45,2,4,-5
1744,71,46,-6,3,-1
1745,71,46,3,1,6
1746,71,49,2,-6,-3
1747,71,49,6,-2,3
1748,71,49,6,3,2
1749,71,53,1,-6,4
1750,71,56,4,6,-2
1751,71,57,-4,-5,4
1752,71,59,-3,5,-5
1753,71,70,3,6,5
1754,72,9,0,-3,0
1755,72,14,2,-1,3
1756,72,18,-3,0,3
1757,72,20,-2,0,-4
1758,72,24,2,4,2
1759,72,26,3,-1,-4
1760,72,27,5,1,-1
1761,72,29,-5,-2,0
1762,72,35,-5,3,-1
1763,72,38,-3,5,2
1764,72,38,-2,-5,-3
1765,72,41,-1,2,6
1766,72,41,5,-4,0
1767,72,50,-3,-5,4
1768,72,50,3,4,-5
1769,72,53,4,1,6
1770,72,54,-2,5,-5
1771,72,54,3,-6,-3
1772,72,56,2,-6,4
1773,72,65,5,6,-2
1774,72,77,4,6,5
1775,72,81,-6,3,6
1776,73,10,1,-3,0
1777,73,13,-2,0,3
1778,73,17,-1,0,-4
1779,73,19,3,-1,3
1780,73,20,-4,-2,0
1781,73,26,-4,3,-1
1782,73,29,3,4,2
1783,73,33,-2,5,2
1784,73,33,4,-1,-4
1785,73,35,-1,-5,-3
1786,73,38,6,1,-1
1787,73,40,0,2,6
1788,73,45,-2,-5,4
1789,73,51,-1,5,-5
1790,73,52,6,-4,0
1791,73,53,-6,1,-4
1792,73,57,4,4,-5
1793,73,61,-6,-4,-3
1794,73,61,3,-6,4
1795,73,61,4,-6,-3
1796,73,62,5,1,6
1797,73,70,-5,3,6
1798,73,76,6,6,-2
1799,73,86,5,6,5
1800,73,97,-6,6,-5
1801,74,10,-1,0,3
1802,74,13,-3,-2,0
1803,74,13,2,-3,0
1804,74,16,0,0,-4
1805,74,19,-3,3,-1
1806,74,26,4,-1,3
1807,74,30,-1,5,2
1808,74,34,0,-5,-3
1809,74,36,4,4,2
1810,74,41,1,2,6
1811,74,42,-5,1,-4
1812,74,42,-1,-5,4
1813,74,42,5,-1,-4
1814,74,46,-6,1,3
1815,74,50,-5,-4,-3
1816,74,50,0,5,-5
1817,74,61,-4,3,6
1818,74,66,5,4,-5
1819,74,68,-6,-4,4
1820,74,68,4,-6,4
1821,74,70,5,-6,-3
1822,74,73,6,1,6
1823,74,76,-6,6,2
1824,74,86,-5,6,-5
1825,74,97,6,6,5
1826,75,9,0,0,3
1827,75,14,-2,3,-1
1828,75,14,3,2,-1
1829,75,17,1,0,-4
1830,75,18,3,-3,0
1831,75,29,0,5,2
1832,75,33,-4,1,-4
1833,75,35,-5,1,3
1834,75,35,1,-5,-3
1835,75,35,5,-1,3
1836,75,41,-4,-4,-3
1837,75,41,0,-5,4
1838,75,44,2,2,6
1839,75,45,5,4,2
1840,75,51,1,5,-5
1841,75,53,6,-1,-4
1842,75,54,-3,3,6
1843,75,57,-5,-4,4
1844,75,65,-5,6,2
1845,75,77,-4,6,-5
1846,75,77,5,-6,4
1847,75,77,6,4,-5
1848,75,81,6,-6,-3
1849,75,108,-6,-6,-6
1850,76,10,1,0,3
1851,76,11,-1,3,-1
1852,76,20,2,0,-4
1853,76,21,4,2,-1
1854,76,25,4,-3,0
1855,76,26,-4,1,3
1856,76,26,-3,1,-4
1857,76,30,1,5,2
1858,76,34,-3,-4,-3
1859,76,37,-6,-1,0
1860,76,38,2,-5,-3
1861,76,42,1,-5,4
1862,76,46,6,-1,3
1863,76,48,-4,-4,4
1864,76,49,-2,3,6
1865,76,49,3,2,6
1866,76,53,-6,4,-1
1867,76,54,2,5,-5
1868,76,56,-4,6,2
1869,76,56,6,4,2
1870,76,70,-3,6,-5
1871,76,73,-6,-6,1
1872,76,88,6,-6,4
1873,76,97,-5,-6,-6
1874,77,10,0,3,-1
1875,77,13,2,0,3
1876,77,19,-3,1,3
1877,77,21,-2,1,-4
1878,77,25,3,0,-4
1879,77,26,-5,-1,0
1880,77,29,-2,-4,-3
1881,77,30,5,2,-1
1882,77,33,2,5,2
1883,77,34,5,-3,0
1884,77,41,-3,-4,4
1885,77,42,-5,4,-1
1886,77,43,3,-5,-3
1887,77,45,2,-5,4
1888,77,46,-1,3,6
1889,77,49,-3,6,2
1890,77,56,4,2,6
1891,77,59,3,5,-5
1892,77,62,-5,-6,1
1893,77,65,-2,6,-5
1894,77,88,-6,4,6
1895,77,88,-4,-6,-6
1896,78,11,1,3,-1
1897,78,14,-2,1,3
1898,78,17,-4,-1,0
1899,78,18,-1,1,-4
1900,78,18,3,0,3
1901,78,26,-1,-4,-3
1902,78,32,4,0,-4
1903,78,33,-4,4,-1
1904,78,36,-2,-4,4
1905,78,38,3,5,2
1906,78,41,6,2,-1
1907,78,44,-2,6,2
1908,78,45,0,3,6
1909,78,45,6,-3,0
1910,78,50,3,-5,4
1911,78,50,4,-5,-3
1912,78,53,-4,-6,1
1913,78,54,-6,-3,-3
1914,78,56,-6,2,-4
1915,78,62,-1,6,-5
1916,78,65,5,2,6
1917,78,66,4,5,-5
1918,78,77,-5,4,6
1919,78,81,-3,-6,-6
1920,79,10,-3,-1,0
1921,79,11,-1,1,3
1922,79,14,2,3,-1
1923,79,17,0,1,-4
1924,79,25,0,-4,-3
1925,79,25,4,0,3
1926,79,26,-3,4,-1
1927,79,33,-1,-4,4
1928,79,41,-1,6,2
1929,79,41,5,0,-4
1930,79,43,-5,-3,-3
1931,79,45,-5,2,-4
1932,79,45,4,5,2
1933,79,46,-3,-6,1
1934,79,46,1,3,6
1935,79,49,-6,2,3
1936,79,57,4,-5,4
1937,79,59,5,-5,-3
1938,79,61,-6,-3,4
1939,79,61,0,6,-5
1940,79,68,-4,4,6
1941,79,75,5,5,-5
1942,79,76,-2,-6,-6
1943,79,76,6,2,6
1944,80,10,0,1,3
1945,80,13,3,-2,0
1946,80,18,1,1,-4
1947,80,19,3,3,-1
1948,80,21,-2,4,-1
1949,80,26,1,-4,-3
1950,80,32,0,-4,4
1951,80,34,-4,-3,-3
1952,80,34,5,0,3
1953,80,36,-4,2,-4
1954,80,38,-5,2,3
1955,80,40,0,6,2
1956,80,41,-2,-6,1
1957,80,49,2,3,6
1958,80,50,-5,-3,4
1959,80,52,6,0,-4
1960,80,54,5,5,2
1961,80,61,-3,4,6
1962,80,62,1,6,-5
1963,80,66,5,-5,4
1964,80,70,6,-5,-3
1965,80,73,-1,-6,-6
1966,80,86,6,5,-5
1967,80,97,-6,-5,-6
1968,81,11,1,1,3
1969,81,18,-1,4,-1
1970,81,20,4,-2,0
1971,81,21,2,1,-4
1972,81,26,4,3,-1
1973,81,27,-3,-3,-3
1974,81,29,-4,2,3
1975,81,29,-3,2,-4
1976,81,29,2,-4,-3
1977,81,33,1,-4,4
1978,81,36,-6,0,0
1979,81,38,-1,-6,1
1980,81,41,-4,-3,4
1981,81,41,1,6,2
1982,81,45,6,0,3
1983,81,54,3,3,6
1984,81,56,-2,4,6
1985,81,62,-6,-5,1
1986,81,62,-6,5,-1
1987,81,65,2,6,-5
1988,81,65,6,5,2
1989,81,72,0,-6,-6
1990,81,77,6,-5,4
1991,81,86,-5,-5,-6
1992,82,14,2,1,3
1993,82,17,0,4,-1
1994,82,22,-3,2,3
1995,82,22,-2,-3,-3
1996,82,24,-2,2,-4
1997,82,25,-5,0,0
1998,82,26,3,1,-4
1999,82,29,5,-2,0
2000,82,34,-3,-3,4
2001,82,34,3,-4,-3
2002,82,35,5,3,-1
2003,82,36,2,-4,4
2004,82,37,0,-6,1
2005,82,44,2,6,2
2006,82,51,-5,-5,1
2007,82,51,-5,5,-1
2008,82,53,-1,4,6
2009,82,61,4,3,6
2010,82,70,3,6,-5
2011,82,73,1,-6,-6
2012,82,77,-4,-5,-6
2013,82,97,-6,5,6
2014,83,16,-4,0,0
2015,83,17,-2,2,3
2016,83,18,1,4,-1
2017,83,19,-1,-3,-3
2018,83,19,3,1,3
2019,83,21,-1,2,-4
2020,83,29,-2,-3,4
2021,83,33,4,1,-4
2022,83,38,1,-6,1
2023,83,40,6,-2,0
2024,83,41,3,-4,4
2025,83,41,4,-4,-3
2026,83,42,-4,-5,1
2027,83,42,-4,5,-1
2028,83,46,6,3,-1
2029,83,49,-6,-2,-3
2030,83,49,3,6,2
2031,83,52,0,4,6
2032,83,61,-6,3,-4
2033,83,70,-3,-5,-6
2034,83,70,5,3,6
2035,83,76,2,-6,-6
2036,83,77,4,6,-5
2037,83,86,-5,5,6
2038,84,9,-3,0,0
2039,84,14,-1,2,3
2040,84,18,0,-3,-3
2041,84,20,0,2,-4
2042,84,21,2,4,-1
2043,84,26,-1,-3,4
2044,84,26,4,1,3
2045,84,35,-3,-5,1
2046,84,35,-3,5,-1
2047,84,38,-5,-2,-3
2048,84,41,2,-6,1
2049,84,42,5,1,-4
2050,84,48,4,-4,4
2051,84,50,-5,3,-4
2052,84,50,5,-4,-3
2053,84,53,1,4,6
2054,84,54,-6,3,3
2055,84,56,-6,-2,4
2056,84,56,4,6,2
2057,84,65,-2,-5,-6
2058,84,77,-4,5,6
2059,84,81,3,-6,-6
2060,84,81,6,3,6
2061,84,86,5,6,-5
2062,85,10,3,-1,0
2063,85,13,0,2,3
2064,85,19,1,-3,-3
2065,85,21,1,2,-4
2066,85,25,0,-3,4
2067,85,26,3,4,-1
2068,85,29,-4,-2,-3
2069,85,30,-2,-5,1
2070,85,30,-2,5,-1
2071,85,35,5,1,3
2072,85,41,-4,3,-4
2073,85,43,-5,3,3
2074,85,45,-5,-2,4
2075,85,46,3,-6,1
2076,85,53,6,1,-4
2077,85,56,2,4,6
2078,85,57,5,-4,4
2079,85,61,6,-4,-3
2080,85,62,-1,-5,-6
2081,85,65,5,6,2
2082,85,70,-3,5,6
2083,85,88,-6,-4,-6
2084,85,88,4,-6,-6
2085,85,97,6,6,-5
2086,86,14,1,2,3
2087,86,17,4,-1,0
2088,86,22,-3,-2,-3
2089,86,22,2,-3,-3
2090,86,24,2,2,-4
2091,86,26,1,-3,4
2092,86,27,-1,-5,1
2093,86,27,-1,5,-1
2094,86,33,4,4,-1
2095,86,34,-4,3,3
2096,86,34,-3,3,-4
2097,86,36,-4,-2,4
2098,86,37,-6,1,0
2099,86,46,6,1,3
2100,86,53,-6,-4,1
2101,86,53,4,-6,1
2102,86,61,0,-5,-6
2103,86,61,3,4,6
2104,86,65,-2,5,6
2105,86,68,6,-4,4
2106,86,73,-6,6,-1
2107,86,76,6,6,2
2108,86,77,-5,-4,-6
2109,86,97,5,-6,-6
