HA,4,39,w1,w2,w3,w4
IX,d,SE,1,3,9,14
0,0,7,-2,-1,-1,1
1,0,7,-1,-1,2,-1
2,0,7,-1,1,1,2
3,0,7,-1,2,1,-1
4,0,7,1,-2,-1,1
5,0,7,1,-1,-1,-2
6,0,7,1,1,-2,1
7,0,7,2,1,1,-1
8,0,9,-2,0,-1,-2
9,0,9,2,0,1,2
10,0,10,-3,1,0,0
11,0,10,-1,-2,-2,-1
12,0,10,0,-3,1,0
13,0,10,0,-1,0,3
14,0,10,0,1,0,-3
15,0,10,0,3,-1,0
16,0,10,1,2,2,1
17,0,10,3,-1,0,0
18,0,12,-1,1,-3,-1
19,0,12,1,-1,3,1
20,0,13,-2,2,-2,1
21,0,13,-1,-2,2,2
22,0,13,1,2,-2,-2
23,0,13,2,-2,2,-1
24,0,14,-3,-2,1,0
25,0,14,-2,0,3,1
26,0,14,-1,0,-3,2
27,0,14,0,-2,1,-3
28,0,14,0,2,-1,3
29,0,14,1,0,3,-2
30,0,14,2,0,-3,-1
31,0,14,3,2,-1,0
32,0,17,-2,-3,0,-2
33,0,17,2,3,0,2
34,0,18,-3,0,0,3
35,0,18,-2,1,3,-2
36,0,18,-2,3,2,1
37,0,18,-1,-3,-2,2
38,0,18,1,3,2,-2
39,0,18,2,-3,-2,-1
40,0,18,2,-1,-3,2
41,0,18,3,0,0,-3
42,0,20,-3,-1,1,-3
43,0,20,3,1,-1,3
44,0,21,-2,3,-2,-2
45,0,21,2,-3,2,2
46,0,22,-3,2,0,-3
47,0,22,3,-2,0,3
48,0,27,-3,-3,-3,0
49,0,27,0,-3,-3,-3
50,0,27,0,3,3,3
51,0,27,3,3,3,0
52,0,28,-3,-3,1,3
53,0,28,-3,3,-1,3
54,0,28,3,-3,1,-3
55,0,28,3,3,-1,-3
56,0,31,-3,-2,-3,-3
57,0,31,3,2,3,3
58,1,4,-1,-1,-1,1
59,1,5,-2,1,0,0
60,1,6,-1,0,-1,-2
61,1,6,0,-1,2,-1
62,1,6,0,1,1,2
63,1,6,0,2,1,-1
64,1,9,-2,-2,1,0
65,1,9,0,-2,-2,-1
66,1,10,-1,2,-2,1
67,1,10,2,-2,-1,1
68,1,10,2,-1,-1,-2
69,1,10,2,1,-2,1
70,1,11,-1,0,3,1
71,1,11,0,1,-3,-1
72,1,11,1,-3,1,0
73,1,11,1,-1,0,3
74,1,11,1,1,0,-3
75,1,11,1,3,-1,0
76,1,12,0,-2,2,2
77,1,12,3,1,1,-1
78,1,13,-2,0,0,3
79,1,13,0,0,-3,2
80,1,13,2,2,2,1
81,1,14,-3,0,2,-1
82,1,14,-1,-3,0,-2
83,1,14,3,0,1,2
84,1,15,-3,-1,-2,-1
85,1,15,-2,-1,1,-3
86,1,15,-1,1,3,-2
87,1,15,-1,3,2,1
88,1,15,1,-2,1,-3
89,1,15,1,2,-1,3
90,1,15,2,-1,3,1
91,1,16,2,2,-2,-2
92,1,17,-2,2,0,-3
93,1,17,0,-3,-2,2
94,1,17,2,0,3,-2
95,1,18,-3,-1,2,2
96,1,18,-3,2,1,2
97,1,18,-1,3,-2,-2
98,1,18,3,-2,2,-1
99,1,19,3,0,-3,-1
100,1,20,-3,3,1,-1
101,1,21,-3,-2,-2,2
102,1,21,2,3,2,-2
103,1,22,-2,-3,-3,0
104,1,22,3,3,0,2
105,1,23,-3,1,-3,2
106,1,23,-3,2,-3,-1
107,1,23,-2,-3,1,3
108,1,23,-2,3,-1,3
109,1,23,3,-3,-2,-1
110,1,23,3,-1,-3,2
111,1,26,-2,-2,-3,-3
112,1,26,3,-3,2,2
113,1,28,-3,-3,3,-1
114,1,28,1,-3,-3,-3
115,1,28,1,3,3,3
116,2,3,0,-1,-1,1
117,2,4,2,0,0,0
118,2,5,0,0,-1,-2
119,2,6,-1,-2,1,0
120,2,7,1,-1,2,-1
121,2,7,1,1,1,2
122,2,7,1,2,1,-1
123,2,9,-2,0,2,-1
124,2,9,0,2,-2,1
125,2,10,-2,-1,-2,-1
126,2,10,-1,0,0,3
127,2,10,0,0,3,1
128,2,10,1,-2,-2,-1
129,2,11,-3,0,-1,1
130,2,12,-1,-1,1,-3
131,2,12,1,1,-3,-1
132,2,13,-2,-1,2,2
133,2,13,-2,2,1,2
134,2,13,0,-3,0,-2
135,2,13,1,-2,2,2
136,2,14,-1,2,0,-3
137,2,14,0,1,3,-2
138,2,14,0,3,2,1
139,2,14,1,0,-3,2
140,2,14,2,-3,1,0
141,2,14,2,-1,0,3
142,2,14,2,1,0,-3
143,2,14,2,3,-1,0
144,2,15,-3,1,-1,-2
145,2,15,-2,3,1,-1
146,2,15,3,-2,-1,1
147,2,15,3,-1,-1,-2
148,2,15,3,1,-2,1
149,2,16,-2,-2,-2,2
150,2,17,-3,-2,0,-2
151,2,17,0,3,-2,-2
152,2,18,-2,1,-3,2
153,2,18,-2,2,-3,-1
154,2,18,1,-3,-2,2
155,2,18,2,-2,1,-3
156,2,18,2,2,-1,3
157,2,18,3,2,2,1
158,2,19,-3,-3,0,1
159,2,19,-1,-3,-3,0
160,2,20,-3,1,3,1
161,2,20,-1,-3,1,3
162,2,20,-1,3,-1,3
163,2,20,3,-1,3,1
164,2,21,3,2,-2,-2
165,2,22,3,0,3,-2
166,2,23,-3,3,-2,1
167,2,23,-2,-3,3,-1
168,2,23,-1,-2,-3,-3
169,2,26,-3,2,3,-2
170,2,26,3,3,2,-2
171,2,31,2,-3,-3,-3
172,2,31,2,3,3,3
173,3,4,1,-1,-1,1
174,3,5,0,-2,1,0
175,3,6,-2,0,-1,1
176,3,6,-1,0,2,-1
177,3,6,1,0,-1,-2
178,3,7,-1,-1,-2,-1
179,3,9,0,0,0,3
180,3,9,3,0,0,0
181,3,10,-2,1,-1,-2
182,3,10,-1,-1,2,2
183,3,10,-1,2,1,2
184,3,10,1,2,-2,1
185,3,10,2,-1,2,-1
186,3,10,2,1,1,2
187,3,10,2,2,1,-1
188,3,11,-3,-1,1,0
189,3,11,0,-1,1,-3
190,3,11,1,0,3,1
191,3,12,-2,-2,0,-2
192,3,12,-1,3,1,-1
193,3,13,-3,2,0,0
194,3,13,-1,-2,-2,2
195,3,13,0,2,0,-3
196,3,13,2,-2,-2,-1
197,3,14,-2,-3,0,1
198,3,14,1,-3,0,-2
199,3,15,-2,1,3,1
200,3,15,-1,1,-3,2
201,3,15,-1,2,-3,-1
202,3,15,1,1,3,-2
203,3,15,1,3,2,1
204,3,15,2,1,-3,-1
205,3,16,2,-2,2,2
206,3,17,2,0,-3,2
207,3,18,-2,3,-2,1
208,3,18,0,-3,-3,0
209,3,18,1,3,-2,-2
210,3,19,-3,0,1,-3
211,3,19,-3,1,0,3
212,3,19,0,-3,1,3
213,3,19,0,3,-1,3
214,3,19,3,-3,1,0
215,3,19,3,-1,0,3
216,3,19,3,1,0,-3
217,3,19,3,3,-1,0
218,3,20,-1,-3,3,-1
219,3,21,-2,2,3,-2
220,3,21,2,-3,-2,2
221,3,22,-3,-2,-3,0
222,3,22,0,-2,-3,-3
223,3,23,-3,-2,1,3
224,3,23,3,-2,1,-3
225,3,23,3,2,-1,3
226,3,27,-3,3,0,-3
227,3,28,-3,-1,-3,-3
228,3,31,-3,-3,2,-3
229,3,36,-3,-3,-3,3
230,3,36,3,-3,-3,-3
231,3,36,3,3,3,3
232,4,3,-1,0,-1,1
233,4,5,0,0,2,-1
234,4,6,-2,-1,1,0
235,4,6,0,-1,-2,-1
236,4,6,1,-2,1,0
237,4,7,-1,1,-1,-2
238,4,7,2,-1,-1,1
239,4,8,-2,2,0,0
240,4,9,-1,-2,0,-2
241,4,9,0,-1,2,2
242,4,9,0,2,1,2
243,4,9,2,0,-1,-2
244,4,10,1,0,0,3
245,4,11,-1,-3,0,1
246,4,11,0,3,1,-1
247,4,12,-1,1,3,1
248,4,12,0,-2,-2,2
249,4,12,1,-1,1,-3
250,4,13,2,2,-2,1
251,4,14,-3,0,-2,-1
252,4,14,-2,0,1,-3
253,4,14,-2,1,0,3
254,4,14,0,1,-3,2
255,4,14,0,2,-3,-1
256,4,14,1,2,0,-3
257,4,14,2,0,3,1
258,4,15,-3,1,2,-1
259,4,15,-1,3,-2,1
260,4,15,3,-1,2,-1
261,4,15,3,1,1,2
262,4,15,3,2,1,-1
263,4,17,-3,0,2,2
264,4,17,-2,-2,-3,0
265,4,17,2,-3,0,-2
266,4,18,-3,-1,-2,2
267,4,18,-2,-2,1,3
268,4,18,-1,2,3,-2
269,4,18,2,1,3,-2
270,4,18,2,3,2,1
271,4,18,3,-2,-2,-1
272,4,19,0,-3,3,-1
273,4,19,1,-3,-3,0
274,4,20,-3,-3,-1,-1
275,4,20,1,-3,1,3
276,4,20,1,3,-1,3
277,4,20,3,1,-3,-1
278,4,21,2,3,-2,-2
279,4,21,3,-2,2,2
280,4,22,-2,3,0,-3
281,4,22,3,0,-3,2
282,4,23,-3,-2,3,-1
283,4,23,-3,3,1,2
284,4,23,-2,-1,-3,-3
285,4,23,1,-2,-3,-3
286,4,26,-3,2,-3,2
287,4,26,-2,-3,2,-3
288,4,26,3,-3,-2,2
289,4,28,-3,3,-3,-1
290,4,31,-3,-3,3,2
291,4,31,-2,-3,-3,3
292,5,3,-1,-1,1,0
293,5,5,-1,2,0,0
294,5,5,2,1,0,0
295,5,6,0,1,-1,-2
296,5,6,1,0,2,-1
297,5,7,1,-1,-2,-1
298,5,8,0,-2,0,-2
299,5,9,-2,0,-2,-1
300,5,9,2,-2,1,0
301,5,10,-2,1,2,-1
302,5,10,0,-3,0,1
303,5,10,1,-1,2,2
304,5,10,1,2,1,2
305,5,11,-1,0,1,-3
306,5,11,-1,1,0,3
307,5,11,0,1,3,1
308,5,12,-3,1,-1,1
309,5,12,-2,0,2,2
310,5,12,1,3,1,-1
311,5,12,3,-1,-1,1
312,5,13,-2,-1,-2,2
313,5,13,1,-2,-2,2
314,5,13,2,0,0,3
315,5,14,-3,-2,0,1
316,5,14,-3,-1,0,-2
317,5,14,-1,-2,-3,0
318,5,14,0,3,-2,1
319,5,14,3,0,-1,-2
320,5,15,-2,-3,-1,-1
321,5,15,-1,-2,1,3
322,5,15,1,1,-3,2
323,5,15,1,2,-3,-1
324,5,15,2,-1,1,-3
325,5,17,0,2,3,-2
326,5,17,2,2,0,-3
327,5,18,-3,2,-1,-2
328,5,18,-2,-2,3,-1
329,5,18,-2,3,1,2
330,5,18,3,2,-2,1
331,5,19,-1,3,0,-3
332,5,19,3,0,3,1
333,5,20,-1,-1,-3,-3
334,5,20,1,-3,3,-1
335,5,21,-2,2,-3,2
336,5,22,2,-3,-3,0
337,5,22,3,-3,0,-2
338,5,23,-3,2,3,1
339,5,23,-2,3,-3,-1
340,5,23,-1,-3,2,-3
341,5,23,2,-3,1,3
342,5,23,2,3,-1,3
343,5,23,3,1,3,-2
344,5,23,3,3,2,1
345,5,26,-2,-3,3,2
346,5,26,2,-2,-3,-3
347,5,26,3,3,-2,-2
348,5,28,-1,-3,-3,3
349,5,31,-3,3,3,-2
350,6,3,1,0,-1,1
351,6,4,0,2,0,0
352,6,6,-1,0,-2,-1
353,6,7,-2,1,-1,1
354,6,7,-1,1,2,-1
355,6,7,1,1,-1,-2
356,6,9,-2,-2,0,1
357,6,9,-2,-1,0,-2
358,6,9,-1,0,2,2
359,6,9,1,-2,0,-2
360,6,9,2,0,2,-1
361,6,10,-3,0,1,0
362,6,10,-1,-1,-2,2
363,6,10,0,0,1,-3
364,6,10,0,1,0,3
365,6,10,2,-1,-2,-1
366,6,10,3,1,0,0
367,6,11,1,-3,0,1
368,6,12,-1,-3,-1,-1
369,6,12,1,1,3,1
370,6,13,-2,2,-1,-2
371,6,13,0,-2,-3,0
372,6,13,2,-1,2,2
373,6,13,2,2,1,2
374,6,14,0,-2,1,3
375,6,14,3,-2,1,0
376,6,15,-1,-2,3,-1
377,6,15,-1,3,1,2
378,6,15,1,3,-2,1
379,6,15,2,3,1,-1
380,6,16,2,-2,-2,2
381,6,18,-3,3,0,0
382,6,18,-2,2,3,1
383,6,18,-1,2,-3,2
384,6,18,0,3,0,-3
385,6,18,1,2,3,-2
386,6,18,2,1,-3,2
387,6,18,2,2,-3,-1
388,6,18,3,0,0,3
389,6,19,-3,-1,-3,0
390,6,19,0,-1,-3,-3
391,6,20,-3,-1,1,3
392,6,20,-3,1,1,-3
393,6,20,-1,3,-3,-1
394,6,20,3,-1,1,-3
395,6,22,-3,-3,2,0
396,6,22,-3,2,0,3
397,6,22,0,-3,2,-3
398,6,22,3,2,0,-3
399,6,23,-1,-3,3,2
400,6,23,2,-3,3,-1
401,6,26,-3,-2,2,-3
402,6,26,-2,3,3,-2
403,6,27,-3,0,-3,-3
404,6,27,0,-3,-3,3
405,6,27,3,-3,-3,0
406,6,28,3,-3,1,3
407,6,28,3,3,-1,3
408,6,31,-3,-3,-2,-3
409,6,31,-3,-2,-3,3
410,6,31,3,-2,-3,-3
411,7,4,-1,1,-1,1
412,7,5,-2,0,1,0
413,7,5,0,0,-2,-1
414,7,5,1,2,0,0
415,7,6,-1,-2,0,1
416,7,6,-1,-1,0,-2
417,7,6,0,1,2,-1
418,7,6,2,0,-1,1
419,7,8,0,0,2,2
420,7,9,0,-1,-2,2
421,7,10,-1,2,-1,-2
422,7,10,2,1,-1,-2
423,7,11,0,-3,-1,-1
424,7,11,1,0,1,-3
425,7,11,1,1,0,3
426,7,12,2,-2,0,-2
427,7,13,-2,3,0,0
428,7,14,-2,-1,-3,0
429,7,14,0,-2,3,-1
430,7,14,0,3,1,2
431,7,14,1,-2,-3,0
432,7,14,2,-3,0,1
433,7,14,3,0,2,-1
434,7,15,-3,-2,-1,-1
435,7,15,-3,1,-2,-1
436,7,15,-2,-1,1,3
437,7,15,-2,1,1,-3
438,7,15,-1,2,3,1
439,7,15,1,-2,1,3
440,7,15,2,1,3,1
441,7,15,3,-1,-2,-1
442,7,17,-3,0,-2,2
443,7,17,-2,-3,2,0
444,7,17,-2,2,0,3
445,7,17,0,2,-3,2
446,7,18,-3,1,2,2
447,7,18,-3,2,2,-1
448,7,18,2,3,-2,1
449,7,18,3,-1,2,2
450,7,18,3,2,1,2
451,7,19,0,3,-3,-1
452,7,19,1,3,0,-3
453,7,20,-3,-1,3,-1
454,7,20,1,-1,-3,-3
455,7,20,3,3,1,-1
456,7,21,-2,-2,2,-3
457,7,21,2,2,3,-2
458,7,21,3,-2,-2,2
459,7,22,-2,0,-3,-3
460,7,22,0,-3,3,2
461,7,23,-3,-3,-1,2
462,7,23,-1,3,3,-2
463,7,23,1,-3,2,-3
464,7,23,3,1,-3,2
465,7,23,3,2,-3,-1
466,7,26,-3,-2,3,2
467,7,26,-2,-3,-2,-3
468,7,26,-2,-2,-3,3
469,7,28,1,-3,-3,3
470,7,28,3,-3,3,-1
471,7,31,-3,3,-3,2
472,8,3,0,1,-1,1
473,8,5,0,-2,0,1
474,8,5,0,-1,0,-2
475,8,6,1,0,-2,-1
476,8,6,2,-1,1,0
477,8,7,1,1,2,-1
478,8,8,2,2,0,0
479,8,9,0,2,-1,-2
480,8,9,1,0,2,2
481,8,10,-2,-2,-1,-1
482,8,10,-2,1,-2,-1
483,8,10,-1,3,0,0
484,8,10,1,-1,-2,2
485,8,11,-3,-1,0,1
486,8,11,-1,-1,-3,0
487,8,11,3,0,-1,1
488,8,12,-2,0,-2,2
489,8,12,-1,-1,1,3
490,8,12,-1,1,1,-3
491,8,12,1,-3,-1,-1
492,8,13,-3,0,0,-2
493,8,13,-2,1,2,2
494,8,13,-2,2,2,-1
495,8,14,-1,-3,2,0
496,8,14,-1,2,0,3
497,8,14,0,2,3,1
498,8,14,2,0,1,-3
499,8,14,2,1,0,3
500,8,15,-3,2,-1,1
501,8,15,-2,-1,3,-1
502,8,15,1,-2,3,-1
503,8,15,1,3,1,2
504,8,15,3,1,-1,-2
505,8,17,2,-2,-3,0
506,8,17,3,-2,0,-2
507,8,18,-2,-3,-1,2
508,8,18,-1,-2,2,-3
509,8,18,1,2,-3,2
510,8,18,2,-2,1,3
511,8,19,-1,0,-3,-3
512,8,19,3,-3,0,1
513,8,20,1,3,-3,-1
514,8,20,3,1,3,1
515,8,21,-2,-2,3,2
516,8,22,0,3,3,-2
517,8,22,2,3,0,-3
518,8,23,-3,-3,1,-2
519,8,23,-3,3,-1,-2
520,8,23,-1,-3,-2,-3
521,8,23,-1,-2,-3,3
522,8,23,1,-3,3,2
523,8,23,2,-1,-3,-3
524,8,23,3,3,-2,1
525,8,26,-2,3,-3,2
526,8,26,2,-3,2,-3
527,8,26,3,2,3,-2
528,8,28,-3,3,3,1
529,8,31,2,-3,-3,3
530,9,4,1,1,-1,1
531,9,6,-2,-1,0,1
532,9,6,1,-2,0,1
533,9,6,1,-1,0,-2
534,9,7,-1,-2,-1,-1
535,9,7,-1,1,-2,-1
536,9,8,-2,0,0,-2
537,9,9,-1,0,-2,2
538,9,9,0,3,0,0
539,9,9,2,0,-2,-1
540,9,10,-2,2,-1,1
541,9,10,-1,1,2,2
542,9,10,-1,2,2,-1
543,9,10,0,-1,-3,0
544,9,10,1,2,-1,-2
545,9,10,2,1,2,-1
546,9,11,-3,1,1,0
547,9,11,0,-1,1,3
548,9,11,0,1,1,-3
549,9,11,3,-1,1,0
550,9,12,-1,-1,3,-1
551,9,12,2,0,2,2
552,9,13,0,-3,2,0
553,9,13,0,2,0,3
554,9,13,2,-1,-2,2
555,9,13,3,2,0,0
556,9,15,-1,-3,-1,2
557,9,15,1,2,3,1
558,9,15,2,-3,-1,-1
559,9,17,-3,-2,2,0
560,9,17,0,-2,2,-3
561,9,18,-3,0,-3,0
562,9,18,-2,-3,1,-2
563,9,18,-2,3,-1,-2
564,9,18,-1,-2,3,2
565,9,18,0,0,-3,-3
566,9,18,2,-2,3,-1
567,9,18,2,3,1,2
568,9,19,-3,0,1,3
569,9,19,3,0,1,-3
570,9,19,3,1,0,3
571,9,21,2,2,-3,2
572,9,22,-3,-3,-2,0
573,9,22,0,-3,-2,-3
574,9,22,0,-2,-3,3
575,9,22,3,-2,-3,0
576,9,23,-3,-1,2,-3
577,9,23,-3,2,1,-3
578,9,23,-2,3,3,1
579,9,23,-1,3,-3,2
580,9,23,1,3,3,-2
581,9,23,2,3,-3,-1
582,9,23,3,-2,1,3
583,9,26,-3,-2,-2,-3
584,9,26,2,-3,3,2
585,9,27,-3,3,0,3
586,9,27,3,3,0,-3
587,9,28,-3,-1,-3,3
588,9,28,-3,1,-3,-3
589,9,28,3,-1,-3,-3
590,9,31,-3,-3,2,3
591,9,31,3,-3,2,-3
592,9,36,3,-3,-3,3
593,10,3,-1,-1,0,1
594,10,5,-1,0,0,-2
595,10,6,-2,1,1,0
596,10,6,0,-2,-1,-1
597,10,6,0,1,-2,-1
598,10,7,-1,2,-1,1
599,10,7,2,1,-1,1
600,10,8,0,0,-2,2
601,10,9,0,1,2,2
602,10,9,0,2,2,-1
603,10,9,2,-2,0,1
604,10,9,2,-1,0,-2
605,10,10,1,3,0,0
606,10,11,0,-1,3,-1
607,10,11,1,-1,-3,0
608,10,12,-3,-1,-1,-1
609,10,12,-2,-2,2,0
610,10,12,1,-1,1,3
611,10,12,1,1,1,-3
612,10,13,-2,0,-3,0
613,10,13,2,2,-1,-2
614,10,14,-2,0,1,3
615,10,14,0,-3,-1,2
616,10,14,1,-3,2,0
617,10,14,1,2,0,3
618,10,14,3,0,-2,-1
619,10,15,-1,-3,1,-2
620,10,15,-1,3,-1,-2
621,10,15,3,1,2,-1
622,10,17,-2,-3,-2,0
623,10,17,0,-2,3,2
624,10,17,3,0,2,2
625,10,18,-3,-2,-1,2
626,10,18,-3,1,-2,2
627,10,18,-3,2,-2,-1
628,10,18,-2,-1,2,-3
629,10,18,-2,2,1,-3
630,10,18,1,-2,2,-3
631,10,18,2,2,3,1
632,10,18,3,-1,-2,2
633,10,19,-3,0,3,-1
634,10,19,1,0,-3,-3
635,10,20,-1,3,3,1
636,10,20,3,-3,-1,-1
637,10,21,-3,2,2,2
638,10,21,-2,-2,-2,-3
639,10,22,-2,3,0,3
640,10,22,0,3,-3,2
641,10,23,-3,-1,3,2
642,10,23,-3,3,2,-1
643,10,23,-2,-1,-3,3
644,10,23,-2,1,-3,-3
645,10,23,1,-3,-2,-3
646,10,23,1,-2,-3,3
647,10,23,3,-2,3,-1
648,10,23,3,3,1,2
649,10,26,-2,-3,2,3
650,10,26,2,3,3,-2
651,10,26,3,2,-3,2
652,10,28,3,3,-3,-1
653,10,31,3,-3,3,2
654,11,3,-1,1,1,0
655,11,4,0,0,0,-2
656,11,5,2,0,1,0
657,11,6,0,2,-1,1
658,11,7,-2,-1,-1,-1
659,11,7,1,-2,-1,-1
660,11,7,1,1,-2,-1
661,11,9,-1,-2,2,0
662,11,9,1,0,-2,2
663,11,10,-3,0,0,1
664,11,10,-1,0,-3,0
665,11,10,1,1,2,2
666,11,10,1,2,2,-1
667,11,11,-1,0,1,3
668,11,12,1,-1,3,-1
669,11,12,3,1,-1,1
670,11,13,-2,-2,-1,2
671,11,13,-2,1,-2,2
672,11,13,-2,2,-2,-1
673,11,13,2,3,0,0
674,11,14,-3,1,0,-2
675,11,14,-2,0,3,-1
676,11,14,-1,-3,-2,0
677,11,14,0,-3,1,-2
678,11,14,0,3,-1,-2
679,11,14,2,-1,-3,0
680,11,14,3,-2,0,1
681,11,14,3,-1,0,-2
682,11,15,-1,-1,2,-3
683,11,15,-1,2,1,-3
684,11,15,1,-3,-1,2
685,11,15,2,-1,1,3
686,11,15,2,1,1,-3
687,11,16,-2,2,2,2
688,11,17,2,-3,2,0
689,11,17,2,2,0,3
690,11,18,-3,-2,1,-2
691,11,18,-2,-1,3,2
692,11,18,-2,3,2,-1
693,11,18,-1,-2,-2,-3
694,11,18,1,-2,3,2
695,11,18,3,2,-1,-2
696,11,19,-1,3,0,3
697,11,19,0,3,3,1
698,11,20,-3,-3,1,1
699,11,20,-3,3,-1,1
700,11,20,-1,-1,-3,3
701,11,20,-1,1,-3,-3
702,11,21,2,-2,2,-3
703,11,22,2,0,-3,-3
704,11,23,-1,-3,2,3
705,11,23,1,3,-3,2
706,11,23,3,2,3,1
707,11,26,2,-3,-2,-3
708,11,26,2,-2,-3,3
709,11,31,-3,-3,-3,-2
710,11,31,3,3,3,-2
711,12,3,1,-1,0,1
712,12,4,-1,-1,-1,-1
713,12,5,-2,0,0,1
714,12,5,1,0,0,-2
715,12,7,1,2,-1,1
716,12,8,0,-2,2,0
717,12,9,-2,1,0,-2
718,12,9,0,0,-3,0
719,12,10,-1,-2,-1,2
720,12,10,-1,1,-2,2
721,12,10,-1,2,-2,-1
722,12,10,0,0,1,3
723,12,10,2,-2,-1,-1
724,12,10,2,1,-2,-1
725,12,10,3,0,1,0
726,12,11,-1,0,3,-1
727,12,12,2,0,-2,2
728,12,13,-2,-2,1,-2
729,12,13,-1,2,2,2
730,12,13,0,-3,-2,0
731,12,13,2,1,2,2
732,12,13,2,2,2,-1
733,12,14,-3,-1,2,0
734,12,14,-3,2,1,0
735,12,14,0,-1,2,-3
736,12,14,0,2,1,-3
737,12,15,-2,-3,1,1
738,12,15,-2,3,-1,1
739,12,15,-1,-1,3,2
740,12,15,-1,3,2,-1
741,12,15,1,-3,1,-2
742,12,15,1,3,-1,-2
743,12,15,2,-1,3,-1
744,12,17,-3,-2,-2,0
745,12,17,0,-2,-2,-3
746,12,18,0,3,0,3
747,12,18,2,-3,-1,2
748,12,18,3,3,0,0
749,12,19,-3,1,-3,0
750,12,19,0,-1,-3,3
751,12,19,0,1,-3,-3
752,12,19,3,-1,-3,0
753,12,20,-3,1,1,3
754,12,20,1,3,3,1
755,12,20,3,-1,1,3
756,12,20,3,1,1,-3
757,12,21,2,-2,3,2
758,12,22,-3,0,2,-3
759,12,22,0,-3,2,3
760,12,22,3,-3,2,0
761,12,22,3,2,0,3
762,12,23,-3,-1,-2,-3
763,12,26,-3,-2,2,3
764,12,26,-2,-3,-3,-2
765,12,26,2,3,-3,2
766,12,26,3,-2,2,-3
767,12,27,-3,0,-3,3
768,12,27,3,0,-3,-3
769,12,28,-3,3,1,-3
770,12,31,-3,-3,-2,3
771,12,31,-3,2,-3,-3
772,12,31,3,-3,-2,-3
773,12,31,3,-2,-3,3
774,12,36,-3,-3,3,-3
775,13,3,0,-1,-1,-1
776,13,3,1,1,1,0
777,13,6,-1,1,0,-2
778,13,6,2,-1,0,1
779,13,8,2,0,0,-2
780,13,9,-2,-1,2,0
781,13,9,-2,2,1,0
782,13,9,0,-2,-1,2
783,13,9,0,1,-2,2
784,13,9,0,2,-2,-1
785,13,9,1,-2,2,0
786,13,10,-1,-2,1,-2
787,13,10,0,0,3,-1
788,13,10,1,0,-3,0
789,13,10,2,2,-1,1
790,13,11,-3,0,-1,-1
791,13,11,1,0,1,3
792,13,12,-2,-2,-2,0
793,13,12,-1,-3,1,1
794,13,12,-1,3,-1,1
795,13,12,0,2,2,2
796,13,14,-2,1,-3,0
797,13,14,0,-1,3,2
798,13,14,0,3,2,-1
799,13,14,1,-3,-2,0
800,13,15,-3,-1,-1,2
801,13,15,-2,1,1,3
802,13,15,1,-1,2,-3
803,13,15,1,2,1,-3
804,13,15,3,-2,-1,-1
805,13,15,3,1,-2,-1
806,13,17,-2,0,2,-3
807,13,17,3,0,-2,2
808,13,18,-2,-1,-2,-3
809,13,18,1,-2,-2,-3
810,13,18,2,-3,1,-2
811,13,18,2,3,-1,-2
812,13,18,3,1,2,2
813,13,18,3,2,2,-1
814,13,19,-3,-3,0,-1
815,13,19,1,3,0,3
816,13,20,-3,1,3,-1
817,13,20,1,-1,-3,3
818,13,20,1,1,-3,-3
819,13,20,3,-1,3,-1
820,13,21,-3,2,-2,2
821,13,21,-2,-2,2,3
822,13,22,-3,0,3,2
823,13,22,-2,0,-3,3
824,13,23,-3,3,-2,-1
825,13,23,-2,3,1,-3
826,13,23,-1,-3,-3,-2
827,13,23,1,-3,2,3
828,13,23,2,3,3,1
829,13,23,3,-3,-1,2
830,13,26,-3,3,2,2
831,13,26,-2,-3,-2,3
832,13,26,-2,2,-3,-3
833,13,26,3,-2,3,2
834,13,31,-2,-3,3,-3
835,13,31,3,3,-3,2
836,14,4,1,-1,-1,-1
837,14,5,0,1,0,-2
838,14,6,-2,0,-1,-1
839,14,6,-1,-1,2,0
840,14,6,-1,2,1,0
841,14,6,2,1,1,0
842,14,9,-1,-2,-2,0
843,14,9,0,-2,1,-2
844,14,10,-2,-1,-1,2
845,14,10,1,-2,-1,2
846,14,10,1,1,-2,2
847,14,10,1,2,-2,-1
848,14,11,-3,1,0,1
849,14,11,-1,1,-3,0
850,14,11,0,-3,1,1
851,14,11,0,3,-1,1
852,14,11,1,0,3,-1
853,14,11,3,-1,0,1
854,14,12,-1,1,1,3
855,14,12,2,-2,2,0
856,14,13,1,2,2,2
857,14,13,2,0,-3,0
858,14,13,3,0,0,-2
859,14,14,-2,-3,0,-1
860,14,14,-1,0,2,-3
861,14,14,2,0,1,3
862,14,15,-3,-2,1,1
863,14,15,-3,-1,1,-2
864,14,15,-2,1,3,-1
865,14,15,-1,-1,-2,-3
866,14,15,1,-1,3,2
867,14,15,1,3,2,-1
868,14,15,3,2,-1,1
869,14,16,-2,2,-2,2
870,14,17,-3,2,0,-2
871,14,17,-2,0,3,2
872,14,17,2,-3,-2,0
873,14,18,-2,3,-2,-1
874,14,18,-1,-2,2,3
875,14,18,2,-1,2,-3
876,14,18,2,2,1,-3
877,14,19,-1,0,-3,3
878,14,20,-1,3,1,-3
879,14,21,-2,3,2,2
880,14,21,2,-2,-2,-3
881,14,22,0,-3,-3,-2
882,14,22,2,3,0,3
883,14,23,-1,-3,-2,3
884,14,23,-1,2,-3,-3
885,14,23,2,-1,-3,3
886,14,23,2,1,-3,-3
887,14,23,3,-3,1,-2
888,14,23,3,3,-1,-2
889,14,26,-3,-2,-3,-2
890,14,26,2,-3,2,3
891,14,28,-3,-3,-3,1
892,14,28,-1,-3,3,-3
893,14,28,3,3,3,1
894,15,3,-1,0,-1,-1
895,15,5,0,-1,2,0
896,15,5,0,2,1,0
897,15,6,-2,1,0,1
898,15,6,1,1,0,-2
899,15,7,-1,-1,-1,2
900,15,7,2,-1,-1,-1
901,15,8,0,-2,-2,0
902,15,10,-2,-2,1,1
903,15,10,-2,-1,1,-2
904,15,10,0,1,-3,0
905,15,10,1,-2,1,-2
906,15,11,-1,-3,0,-1
907,15,11,0,1,1,3
908,15,11,3,1,1,0
909,15,12,-2,2,0,-2
910,15,12,-1,1,3,-1
911,15,12,1,-3,1,1
912,15,12,1,3,-1,1
913,15,13,-3,0,2,0
914,15,13,-1,2,-2,2
915,15,13,0,0,2,-3
916,15,13,2,-2,-1,2
917,15,13,2,1,-2,2
918,15,13,2,2,-2,-1
919,15,14,-3,-1,-2,0
920,15,14,-1,0,3,2
921,15,14,0,-1,-2,-3
922,15,14,2,0,3,-1
923,15,15,-1,3,-2,-1
924,15,16,2,2,2,2
925,15,17,0,-2,2,3
926,15,17,3,-2,2,0
927,15,18,-1,3,2,2
928,15,18,0,0,-3,3
929,15,18,2,-1,3,2
930,15,18,2,3,2,-1
931,15,18,3,0,-3,0
932,15,19,-3,3,1,0
933,15,19,0,3,1,-3
934,15,19,3,0,1,3
935,15,21,-2,-2,-3,-2
936,15,22,-3,0,-2,-3
937,15,22,-3,2,-3,0
938,15,22,0,-3,-2,3
939,15,22,0,2,-3,-3
940,15,22,3,-3,-2,0
941,15,23,-3,-1,2,3
942,15,23,-3,1,2,-3
943,15,23,-3,2,1,3
944,15,23,-2,-3,-3,1
945,15,23,1,-3,-3,-2
946,15,23,3,-1,2,-3
947,15,23,3,2,1,-3
948,15,26,-3,-2,-2,3
949,15,26,3,-2,-2,-3
950,15,27,-3,-3,3,0
951,15,27,0,-3,3,-3
952,15,27,3,3,0,3
953,15,28,-3,-3,-1,-3
954,15,28,-3,1,-3,3
955,15,28,3,-1,-3,3
956,15,28,3,1,-3,-3
957,15,31,-3,-2,3,-3
958,15,31,3,-3,2,3
959,15,36,-3,3,-3,-3
960,16,3,-1,1,0,1
961,16,5,2,0,0,1
962,16,6,0,-1,-1,2
963,16,6,1,-1,2,0
964,16,6,1,2,1,0
965,16,7,-1,-2,1,1
966,16,7,-1,-1,1,-2
967,16,8,-2,0,2,0
968,16,9,-2,-1,-2,0
969,16,9,-1,2,0,-2
970,16,9,1,-2,-2,0
971,16,9,2,1,0,-2
972,16,10,0,-3,0,-1
973,16,11,0,1,3,-1
974,16,11,1,1,-3,0
975,16,12,-3,1,-1,-1
976,16,12,0,2,-2,2
977,16,12,1,1,1,3
978,16,12,3,-1,-1,-1
979,16,13,0,0,3,2
980,16,13,2,-2,1,-2
981,16,14,-3,-2,0,-1
982,16,14,-3,0,-1,2
983,16,14,-2,3,1,0
984,16,14,0,3,-2,-1
985,16,14,1,0,2,-3
986,16,15,1,-1,-2,-3
987,16,15,2,-3,1,1
988,16,15,2,3,-1,1
989,16,17,-2,0,-2,-3
990,16,17,-2,2,-3,0
991,16,17,0,3,2,2
992,16,18,-2,-1,2,3
993,16,18,-2,1,2,-3
994,16,18,-2,2,1,3
995,16,18,-1,-2,-3,-2
996,16,18,1,-2,2,3
997,16,18,3,-2,-1,2
998,16,18,3,1,-2,2
999,16,18,3,2,-2,-1
1000,16,19,1,0,-3,3
1001,16,19,3,0,3,-1
1002,16,20,-1,-3,-3,1
1003,16,20,1,3,1,-3
1004,16,21,-2,-2,-2,3
1005,16,21,3,2,2,2
1006,16,22,-3,-3,0,2
1007,16,22,-2,-3,3,0
1008,16,23,-3,1,3,2
1009,16,23,-3,2,3,-1
1010,16,23,-2,-3,-1,-3
1011,16,23,-2,1,-3,3
1012,16,23,1,-3,-2,3
1013,16,23,1,2,-3,-3
1014,16,23,3,-1,3,2
1015,16,23,3,3,2,-1
1016,16,26,-3,3,-2,2
1017,16,26,-2,-2,3,-3
1018,16,26,2,-3,-3,-2
1019,16,28,1,-3,3,-3
1020,16,31,-2,3,-3,-3
1021,17,3,1,0,-1,-1
1022,17,5,-1,0,2,0
1023,17,6,-1,-1,-2,0
1024,17,6,0,-2,1,1
1025,17,6,0,-1,1,-2
1026,17,7,-2,1,-1,-1
1027,17,7,1,-1,-1,2
1028,17,8,0,2,0,-2
1029,17,9,-2,-2,0,-1
1030,17,9,-2,0,-1,2
1031,17,9,2,-1,2,0
1032,17,9,2,2,1,0
1033,17,10,3,0,0,1
1034,17,11,-1,3,1,0
1035,17,11,1,-3,0,-1
1036,17,12,-3,-1,1,1
1037,17,12,1,1,3,-1
1038,17,12,2,-2,-2,0
1039,17,13,1,2,-2,2
1040,17,14,-3,0,1,-2
1041,17,14,-3,2,0,1
1042,17,14,-1,0,-2,-3
1043,17,14,-1,2,-3,0
1044,17,14,1,0,3,2
1045,17,14,2,1,-3,0
1046,17,14,3,1,0,-2
1047,17,15,-1,-1,2,3
1048,17,15,-1,1,2,-3
1049,17,15,-1,2,1,3
1050,17,15,1,3,-2,-1
1051,17,15,2,1,1,3
1052,17,17,-2,-3,0,2
1053,17,17,0,-2,-3,-2
1054,17,17,2,0,2,-3
1055,17,18,-2,1,3,2
1056,17,18,-2,2,3,-1
1057,17,18,-1,-2,-2,3
1058,17,18,1,3,2,2
1059,17,18,2,-1,-2,-3
1060,17,18,3,-2,1,-2
1061,17,19,-1,-3,3,0
1062,17,19,0,-3,-3,1
1063,17,20,-1,-3,-1,-3
1064,17,20,-1,1,-3,3
1065,17,20,3,-3,1,1
1066,17,20,3,3,-1,1
1067,17,21,-2,3,-2,2
1068,17,21,2,-2,2,3
1069,17,22,-3,3,0,-2
1070,17,22,2,0,-3,3
1071,17,23,-3,-2,-3,1
1072,17,23,-3,-1,-3,-2
1073,17,23,-1,-2,3,-3
1074,17,23,2,3,1,-3
1075,17,26,-3,-3,2,-2
1076,17,26,2,-3,-2,3
1077,17,26,2,2,-3,-3
1078,17,28,-1,3,-3,-3
1079,17,31,2,-3,3,-3
1080,17,31,3,-3,-3,-2
1081,18,4,-1,1,-1,-1
1082,18,4,0,0,2,0
1083,18,5,0,-1,-2,0
1084,18,6,-1,-2,0,-1
1085,18,6,-1,0,-1,2
1086,18,6,2,0,-1,-1
1087,18,7,-2,-1,1,1
1088,18,7,1,-2,1,1
1089,18,7,1,-1,1,-2
1090,18,9,-2,0,1,-2
1091,18,9,-2,2,0,1
1092,18,9,1,2,0,-2
1093,18,10,0,3,1,0
1094,18,10,2,-1,-1,2
1095,18,13,-3,0,-2,0
1096,18,13,0,0,-2,-3
1097,18,13,0,2,-3,0
1098,18,14,-3,1,2,0
1099,18,14,-1,-3,0,2
1100,18,14,0,-1,2,3
1101,18,14,0,1,2,-3
1102,18,14,0,2,1,3
1103,18,14,2,-3,0,-1
1104,18,14,3,-1,2,0
1105,18,14,3,2,1,0
1106,18,15,-1,1,3,2
1107,18,15,-1,2,3,-1
1108,18,15,2,1,3,-1
1109,18,16,2,2,-2,2
1110,18,17,-2,3,0,-2
1111,18,17,0,-2,-2,3
1112,18,17,2,0,3,2
1113,18,17,3,-2,-2,0
1114,18,18,-2,-2,-3,1
1115,18,18,-2,-1,-3,-2
1116,18,18,-1,3,-2,2
1117,18,18,0,-3,3,0
1118,18,18,1,-2,-3,-2
1119,18,18,2,3,-2,-1
1120,18,19,-3,-3,-1,0
1121,18,19,0,-3,-1,-3
1122,18,19,0,1,-3,3
1123,18,19,3,1,-3,0
1124,18,20,1,-3,-3,1
1125,18,20,3,1,1,3
1126,18,21,-2,-3,2,-2
1127,18,21,2,3,2,2
1128,18,22,-3,-2,3,0
1129,18,22,-3,0,2,3
1130,18,22,0,-2,3,-3
1131,18,22,3,0,2,-3
1132,18,23,-3,-2,-1,-3
1133,18,23,-3,-1,-2,3
1134,18,23,-3,1,-2,-3
1135,18,23,3,-1,-2,-3
1136,18,26,-3,2,2,-3
1137,18,26,3,-2,2,3
1138,18,27,-3,3,-3,0
1139,18,27,0,3,-3,-3
1140,18,27,3,0,-3,3
1141,18,28,-3,-1,3,-3
1142,18,28,-3,3,1,3
1143,18,28,3,3,1,-3
1144,18,31,-3,2,-3,3
1145,18,31,3,-3,-2,3
1146,18,31,3,2,-3,-3
1147,18,36,-3,-3,3,3
1148,18,36,3,-3,3,-3
1149,19,4,-1,-1,1,1
1150,19,5,0,-2,0,-1
1151,19,5,0,0,-1,2
1152,19,5,1,0,2,0
1153,19,6,-1,0,1,-2
1154,19,6,-1,2,0,1
1155,19,6,1,-1,-2,0
1156,19,6,2,1,0,1
1157,19,8,-2,0,-2,0
1158,19,9,-2,1,2,0
1159,19,10,2,-2,1,1
1160,19,10,2,-1,1,-2
1161,19,11,-3,-1,0,-1
1162,19,11,1,3,1,0
1163,19,11,3,0,-1,-1
1164,19,12,2,2,0,-2
1165,19,13,0,-3,0,2
1166,19,14,-2,-3,-1,0
1167,19,14,-1,3,0,-2
1168,19,14,0,1,3,2
1169,19,14,0,2,3,-1
1170,19,14,1,0,-2,-3
1171,19,14,1,2,-3,0
1172,19,15,-3,1,-1,2
1173,19,15,-3,2,-1,-1
1174,19,15,-1,-2,-3,1
1175,19,15,-1,-1,-3,-2
1176,19,15,1,-1,2,3
1177,19,15,1,1,2,-3
1178,19,15,1,2,1,3
1179,19,15,3,-1,-1,2
1180,19,17,-3,-2,0,2
1181,19,17,-2,-2,3,0
1182,19,17,-2,0,2,3
1183,19,17,0,3,-2,2
1184,19,18,-2,-2,-1,-3
1185,19,18,-2,-1,-2,3
1186,19,18,-2,1,-2,-3
1187,19,18,-1,-3,2,-2
1188,19,18,1,-2,-2,3
1189,19,19,1,-3,3,0
1190,19,19,3,-3,0,-1
1191,19,20,1,-3,-1,-3
1192,19,20,1,1,-3,3
1193,19,20,3,1,3,-1
1194,19,21,-2,2,2,-3
1195,19,21,2,-2,-3,-2
1196,19,21,3,2,-2,2
1197,19,22,-2,3,-3,0
1198,19,22,3,0,3,2
1199,19,23,-2,-1,3,-3
1200,19,23,-2,3,1,3
1201,19,23,1,-2,3,-3
1202,19,23,2,-3,-3,1
1203,19,23,3,3,-2,-1
1204,19,26,-3,2,3,2
1205,19,26,-2,2,-3,3
1206,19,26,3,3,2,2
1207,19,28,-3,3,3,-1
1208,19,28,1,3,-3,-3
1209,19,31,-2,-3,3,3
1210,20,4,1,1,-1,-1
1211,20,5,-1,0,-2,0
1212,20,5,0,0,1,-2
1213,20,5,0,2,0,1
1214,20,6,-2,-1,0,-1
1215,20,6,-1,1,2,0
1216,20,6,1,-2,0,-1
1217,20,6,1,0,-1,2
1218,20,8,2,0,2,0
1219,20,9,2,-1,-2,0
1220,20,10,-2,1,-1,2
1221,20,10,-2,2,-1,-1
1222,20,11,-3,0,1,1
1223,20,11,-1,-3,-1,0
1224,20,11,3,1,0,1
1225,20,12,-2,-2,0,2
1226,20,13,0,3,0,-2
1227,20,14,-1,-2,3,0
1228,20,14,-1,0,2,3
1229,20,14,0,-2,-3,1
1230,20,14,0,-1,-3,-2
1231,20,14,1,-3,0,2
1232,20,14,2,3,1,0
1233,20,15,-3,1,1,-2
1234,20,15,-1,-2,-1,-3
1235,20,15,-1,-1,-2,3
1236,20,15,-1,1,-2,-3
1237,20,15,1,1,3,2
1238,20,15,1,2,3,-1
1239,20,15,3,-2,1,1
1240,20,15,3,-1,1,-2
1241,20,17,0,-3,2,-2
1242,20,17,2,0,-2,-3
1243,20,17,2,2,-3,0
1244,20,17,3,2,0,-2
1245,20,18,-1,2,2,-3
1246,20,18,1,3,-2,2
1247,20,18,2,-1,2,3
1248,20,18,2,1,2,-3
1249,20,18,2,2,1,3
1250,20,19,-3,3,0,1
1251,20,19,-1,3,-3,0
1252,20,20,-3,-1,-3,1
1253,20,20,-1,-1,3,-3
1254,20,20,-1,3,1,3
1255,20,21,-3,-2,2,-2
1256,20,21,-2,2,3,2
1257,20,21,2,-2,-2,3
1258,20,22,-3,0,-3,-2
1259,20,22,2,-3,3,0
1260,20,23,-3,-3,2,1
1261,20,23,-2,3,3,-1
1262,20,23,-1,2,-3,3
1263,20,23,2,-3,-1,-3
1264,20,23,2,1,-3,3
1265,20,26,-3,-3,-2,-2
1266,20,26,2,-2,3,-3
1267,20,26,3,-2,-3,-2
1268,20,28,-1,-3,3,3
1269,20,28,3,-3,-3,1
1270,20,31,2,3,-3,-3
1271,21,4,0,0,-2,0
1272,21,4,1,-1,1,1
1273,21,5,0,1,2,0
1274,21,6,-2,0,1,1
1275,21,6,1,0,1,-2
1276,21,6,1,2,0,1
1277,21,7,-1,1,-1,2
1278,21,7,-1,2,-1,-1
1279,21,7,2,1,-1,-1
1280,21,9,-1,-2,0,2
1281,21,9,2,-2,0,-1
1282,21,9,2,0,-1,2
1283,21,10,-2,1,1,-2
1284,21,10,0,-3,-1,0
1285,21,13,0,-2,3,0
1286,21,13,0,0,2,3
1287,21,13,3,0,2,0
1288,21,14,-3,-2,-1,0
1289,21,14,-3,1,-2,0
1290,21,14,-2,3,0,1
1291,21,14,0,-2,-1,-3
1292,21,14,0,-1,-2,3
1293,21,14,0,1,-2,-3
1294,21,14,1,3,0,-2
1295,21,14,3,-1,-2,0
1296,21,15,-2,-1,-3,1
1297,21,15,1,-2,-3,1
1298,21,15,1,-1,-3,-2
1299,21,16,-2,-2,2,-2
1300,21,17,-3,2,2,0
1301,21,17,-2,0,-3,-2
1302,21,17,0,2,2,-3
1303,21,17,2,-3,0,2
1304,21,18,-2,-3,2,1
1305,21,18,-1,2,3,2
1306,21,18,0,3,-3,0
1307,21,18,1,-3,2,-2
1308,21,18,2,1,3,2
1309,21,18,2,2,3,-1
1310,21,19,-3,-1,3,0
1311,21,19,0,-1,3,-3
1312,21,19,0,3,1,3
1313,21,19,3,3,1,0
1314,21,20,-3,-1,-1,-3
1315,21,20,-1,3,3,-1
1316,21,21,-2,-3,-2,-2
1317,21,21,2,3,-2,2
1318,21,22,-3,0,-2,3
1319,21,22,0,2,-3,3
1320,21,22,3,0,-2,-3
1321,21,22,3,2,-3,0
1322,21,23,-3,1,2,3
1323,21,23,3,-1,2,3
1324,21,23,3,1,2,-3
1325,21,23,3,2,1,3
1326,21,26,-3,2,-2,-3
1327,21,26,3,-2,-2,3
1328,21,27,-3,0,3,-3
1329,21,27,0,-3,3,3
1330,21,27,3,-3,3,0
1331,21,28,-3,-3,-1,3
1332,21,28,3,-3,-1,-3
1333,21,28,3,1,-3,3
1334,21,31,-3,-2,3,3
1335,21,31,-3,3,2,-3
1336,21,31,3,-2,3,-3
1337,21,36,-3,3,-3,3
1338,21,36,3,3,-3,-3
1339,22,3,-1,0,1,1
1340,22,5,1,0,-2,0
1341,22,6,0,1,-1,2
1342,22,6,0,2,-1,-1
1343,22,6,1,1,2,0
1344,22,7,-1,1,1,-2
1345,22,7,2,-1,1,1
1346,22,8,0,-2,0,2
1347,22,9,-2,-2,-1,0
1348,22,9,-2,1,-2,0
1349,22,9,2,0,1,-2
1350,22,9,2,2,0,1
1351,22,10,-3,0,0,-1
1352,22,11,-1,3,0,1
1353,22,11,1,-3,-1,0
1354,22,12,-2,2,2,0
1355,22,12,-1,-1,-3,1
1356,22,12,3,1,-1,-1
1357,22,13,-1,-2,2,-2
1358,22,14,-3,-1,0,2
1359,22,14,-2,-1,3,0
1360,22,14,-1,0,-3,-2
1361,22,14,1,-2,3,0
1362,22,14,1,0,2,3
1363,22,14,3,-2,0,-1
1364,22,14,3,0,-1,2
1365,22,15,-2,-1,-1,-3
1366,22,15,-1,-3,2,1
1367,22,15,1,-2,-1,-3
1368,22,15,1,-1,-2,3
1369,22,15,1,1,-2,-3
1370,22,17,-2,0,-2,3
1371,22,17,0,2,3,2
1372,22,17,2,3,0,-2
1373,22,18,-3,2,-1,2
1374,22,18,-2,1,2,3
1375,22,18,-1,-3,-2,-2
1376,22,18,1,2,2,-3
1377,22,18,2,-2,-3,1
1378,22,18,2,-1,-3,-2
1379,22,19,0,3,3,-1
1380,22,19,1,3,-3,0
1381,22,20,-3,-3,1,-1
1382,22,20,-3,3,-1,-1
1383,22,20,1,-1,3,-3
1384,22,20,1,3,1,3
1385,22,21,-2,2,-2,-3
1386,22,21,2,-3,2,-2
1387,22,22,-2,0,3,-3
1388,22,22,3,-3,0,2
1389,22,23,-2,-3,-1,3
1390,22,23,1,2,-3,3
1391,22,23,3,1,3,2
1392,22,23,3,2,3,-1
1393,22,26,-2,-2,3,3
1394,22,26,-2,3,2,-3
1395,22,26,3,3,-2,2
1396,22,28,1,-3,3,3
1397,22,31,-3,3,3,2
1398,22,31,-2,3,-3,3
1399,23,3,1,-1,0,-1
1400,23,5,-2,0,0,-1
1401,23,6,-1,-2,-1,0
1402,23,6,-1,1,-2,0
1403,23,6,0,1,1,-2
1404,23,7,1,1,-1,2
1405,23,7,1,2,-1,-1
1406,23,8,2,0,-2,0
1407,23,9,-2,-1,0,2
1408,23,9,-1,2,2,0
1409,23,9,1,-2,0,2
1410,23,9,2,1,2,0
1411,23,10,0,3,0,1
1412,23,11,-1,-1,3,0
1413,23,11,0,-1,-3,1
1414,23,12,-3,1,1,1
1415,23,12,-1,-1,-1,-3
1416,23,12,0,-2,2,-2
1417,23,12,3,-1,1,1
1418,23,13,-2,2,-1,2
1419,23,13,0,0,-3,-2
1420,23,14,-1,0,-2,3
1421,23,14,0,-3,2,1
1422,23,14,2,-3,-1,0
1423,23,14,3,0,1,-2
1424,23,14,3,2,0,1
1425,23,15,-2,-3,1,-1
1426,23,15,-2,3,-1,-1
1427,23,15,-1,1,2,3
1428,23,17,0,-3,-2,-2
1429,23,17,2,-2,3,0
1430,23,17,2,0,2,3
1431,23,18,-3,-2,2,1
1432,23,18,-3,-1,2,-2
1433,23,18,-3,2,1,-2
1434,23,18,-1,2,-2,-3
1435,23,18,1,2,3,2
1436,23,18,2,-2,-1,-3
1437,23,18,2,-1,-2,3
1438,23,18,2,1,-2,-3
1439,23,19,-3,0,-3,1
1440,23,19,-1,0,3,-3
1441,23,20,-1,-3,-1,3
1442,23,20,1,3,3,-1
1443,23,21,-3,-2,-2,-2
1444,23,21,2,2,2,-3
1445,23,22,2,3,-3,0
1446,23,22,3,3,0,-2
1447,23,23,-3,-3,-2,1
1448,23,23,-3,1,-3,-2
1449,23,23,-1,-2,3,3
1450,23,23,-1,3,2,-3
1451,23,23,2,-1,3,-3
1452,23,23,2,3,1,3
1453,23,23,3,-2,-3,1
1454,23,23,3,-1,-3,-2
1455,23,26,-2,3,3,2
1456,23,26,2,2,-3,3
1457,23,26,3,-3,2,-2
1458,23,28,-1,3,-3,3
1459,23,31,2,-3,3,3
1460,24,3,1,0,1,1
1461,24,5,0,-2,-1,0
1462,24,5,0,1,-2,0
1463,24,6,-1,-1,0,2
1464,24,6,2,-1,0,-1
1465,24,7,-2,1,1,1
1466,24,7,1,1,1,-2
1467,24,8,0,2,2,0
1468,24,10,-1,2,-1,2
1469,24,10,0,-1,3,0
1470,24,10,2,1,-1,2
1471,24,10,2,2,-1,-1
1472,24,11,-3,-1,-1,0
1473,24,11,0,-1,-1,-3
1474,24,11,1,3,0,1
1475,24,12,-1,-3,1,-1
1476,24,12,-1,3,-1,-1
1477,24,12,1,-1,-3,1
1478,24,12,2,-2,0,2
1479,24,13,-2,-2,2,1
1480,24,13,-2,-1,2,-2
1481,24,13,-2,2,1,-2
1482,24,13,0,0,-2,3
1483,24,13,1,-2,2,-2
1484,24,13,3,0,-2,0
1485,24,14,-2,0,-3,1
1486,24,14,0,1,2,3
1487,24,14,1,0,-3,-2
1488,24,14,3,1,2,0
1489,24,15,1,-3,2,1
1490,24,16,-2,-2,-2,-2
1491,24,17,-3,2,-2,0
1492,24,17,0,2,-2,-3
1493,24,18,-3,0,3,0
1494,24,18,-2,-3,-2,1
1495,24,18,-2,1,-3,-2
1496,24,18,0,0,3,-3
1497,24,18,1,-3,-2,-2
1498,24,19,-3,0,-1,-3
1499,24,19,0,-3,-1,3
1500,24,19,3,-3,-1,0
1501,24,21,2,2,3,2
1502,24,22,-3,3,2,0
1503,24,22,0,-2,3,3
1504,24,22,0,3,2,-3
1505,24,22,3,-2,3,0
1506,24,22,3,0,2,3
1507,24,23,-3,-2,-1,3
1508,24,23,-3,1,-2,3
1509,24,23,-1,3,3,2
1510,24,23,2,3,3,-1
1511,24,23,3,-2,-1,-3
1512,24,23,3,-1,-2,3
1513,24,23,3,1,-2,-3
1514,24,26,-3,2,2,3
1515,24,26,3,2,2,-3
1516,24,27,-3,-3,0,-3
1517,24,27,0,3,-3,3
1518,24,27,3,3,-3,0
1519,24,28,-3,-1,3,3
1520,24,28,-3,1,3,-3
1521,24,28,3,-1,3,-3
1522,24,28,3,3,1,3
1523,24,31,-3,3,-2,-3
1524,24,31,3,2,-3,3
1525,24,36,3,-3,3,3
1526,25,4,-1,1,1,1
1527,25,5,0,-1,0,2
1528,25,6,-2,-1,-1,0
1529,25,6,1,-2,-1,0
1530,25,6,1,1,-2,0
1531,25,6,2,0,1,1
1532,25,9,0,2,-1,2
1533,25,9,1,2,2,0
1534,25,10,-1,-2,2,1
1535,25,10,-1,-1,2,-2
1536,25,10,-1,2,1,-2
1537,25,10,2,1,1,-2
1538,25,11,-3,1,0,-1
1539,25,11,-1,0,-3,1
1540,25,11,0,-3,1,-1
1541,25,11,0,3,-1,-1
1542,25,11,1,-1,3,0
1543,25,11,3,-1,0,-1
1544,25,12,-2,2,-2,0
1545,25,12,1,-1,-1,-3
1546,25,13,-3,0,0,2
1547,25,13,-2,0,3,0
1548,25,13,-1,-2,-2,-2
1549,25,14,-2,0,-1,-3
1550,25,14,1,0,-2,3
1551,25,14,2,3,0,1
1552,25,15,-3,-2,1,-1
1553,25,15,-1,-3,-2,1
1554,25,15,-1,1,-3,-2
1555,25,15,1,1,2,3
1556,25,15,2,-1,-3,1
1557,25,15,3,1,-1,2
1558,25,15,3,2,-1,-1
1559,25,16,2,-2,2,-2
1560,25,17,-2,3,2,0
1561,25,17,2,0,-3,-2
1562,25,17,3,-2,0,2
1563,25,18,-2,-2,-1,3
1564,25,18,-2,1,-2,3
1565,25,18,1,2,-2,-3
1566,25,18,2,-3,2,1
1567,25,19,1,0,3,-3
1568,25,20,1,-3,-1,3
1569,25,21,-2,2,2,3
1570,25,21,2,-3,-2,-2
1571,25,22,-2,-3,0,-3
1572,25,22,0,3,3,2
1573,25,23,-3,-3,1,2
1574,25,23,-3,3,-1,2
1575,25,23,-2,-1,3,3
1576,25,23,-2,1,3,-3
1577,25,23,1,-2,3,3
1578,25,23,1,3,2,-3
1579,25,26,-2,3,-2,-3
1580,25,26,3,2,3,2
1581,25,28,-3,-3,-3,-1
1582,25,28,1,3,-3,3
1583,25,28,3,3,3,-1
1584,26,3,-1,-1,-1,0
1585,26,3,0,1,1,1
1586,26,6,-2,1,0,-1
1587,26,6,1,-1,0,2
1588,26,8,-2,0,0,2
1589,26,9,-1,2,-2,0
1590,26,9,0,-2,2,1
1591,26,9,0,-1,2,-2
1592,26,9,0,2,1,-2
1593,26,9,2,-2,-1,0
1594,26,9,2,1,-2,0
1595,26,10,-2,-2,1,-1
1596,26,10,-1,0,3,0
1597,26,10,0,0,-3,1
1598,26,10,1,2,-1,2
1599,26,11,-1,0,-1,-3
1600,26,11,3,0,1,1
1601,26,12,0,-2,-2,-2
1602,26,12,1,-3,1,-1
1603,26,12,1,3,-1,-1
1604,26,12,2,2,2,0
1605,26,14,-1,3,2,0
1606,26,14,0,-3,-2,1
1607,26,14,0,1,-3,-2
1608,26,14,2,-1,3,0
1609,26,15,-3,-1,2,1
1610,26,15,-3,2,1,1
1611,26,15,-1,-2,-1,3
1612,26,15,-1,1,-2,3
1613,26,15,2,-1,-1,-3
1614,26,15,3,1,1,-2
1615,26,17,-3,0,2,-2
1616,26,17,2,0,-2,3
1617,26,18,-3,-2,-2,1
1618,26,18,-3,-1,-2,-2
1619,26,18,-2,-3,1,2
1620,26,18,-2,3,-1,2
1621,26,18,-1,2,2,3
1622,26,18,2,1,2,3
1623,26,19,-1,-3,0,-3
1624,26,19,3,3,0,1
1625,26,20,-3,1,-3,1
1626,26,20,-1,-1,3,3
1627,26,20,-1,1,3,-3
1628,26,20,3,-1,-3,1
1629,26,21,2,2,-2,-3
1630,26,21,3,-2,2,-2
1631,26,22,2,0,3,-3
1632,26,22,3,0,-3,-2
1633,26,23,-3,3,1,-2
1634,26,23,-2,-3,-3,-1
1635,26,23,-1,3,-2,-3
1636,26,23,1,3,3,2
1637,26,23,2,-3,-1,3
1638,26,23,3,-3,2,1
1639,26,26,-3,2,-3,-2
1640,26,26,2,-2,3,3
1641,26,26,2,3,2,-3
1642,26,26,3,-3,-2,-2
1643,26,31,-3,-3,3,-2
1644,26,31,2,3,-3,3
1645,27,3,-1,1,0,-1
1646,27,4,1,1,1,1
1647,27,5,-1,0,0,2
1648,27,5,2,0,0,-1
1649,27,7,-1,-2,1,-1
1650,27,8,0,2,-2,0
1651,27,9,0,0,3,0
1652,27,9,2,-1,0,2
1653,27,10,-3,0,-1,0
1654,27,10,-2,-1,2,1
1655,27,10,-2,2,1,1
1656,27,10,0,0,-1,-3
1657,27,10,1,-2,2,1
1658,27,10,1,-1,2,-2
1659,27,10,1,2,1,-2
1660,27,11,1,0,-3,1
1661,27,12,-2,0,2,-2
1662,27,13,-2,-2,-2,1
1663,27,13,-2,-1,-2,-2
1664,27,13,0,3,2,0
1665,27,13,1,-2,-2,-2
1666,27,13,2,2,-1,2
1667,27,14,0,-2,-1,3
1668,27,14,0,1,-2,3
1669,27,14,3,-2,-1,0
1670,27,14,3,1,-2,0
1671,27,15,-2,1,-3,1
1672,27,15,-1,-3,1,2
1673,27,15,-1,3,-1,2
1674,27,15,1,-3,-2,1
1675,27,15,1,1,-3,-2
1676,27,15,2,-3,1,-1
1677,27,15,2,3,-1,-1
1678,27,17,0,2,2,3
1679,27,17,3,2,2,0
1680,27,18,-3,-3,0,0
1681,27,18,-2,3,1,-2
1682,27,18,0,-3,0,-3
1683,27,19,-3,1,3,0
1684,27,19,0,-1,3,3
1685,27,19,0,1,3,-3
1686,27,19,3,-1,3,0
1687,27,20,-3,-1,-1,3
1688,27,20,-3,1,-1,-3
1689,27,20,-1,-3,-3,-1
1690,27,20,3,-1,-1,-3
1691,27,21,-2,2,-3,-2
1692,27,22,-3,-2,0,-3
1693,27,22,-3,3,-2,0
1694,27,22,0,3,-2,-3
1695,27,22,3,0,-2,3
1696,27,23,3,1,2,3
1697,27,26,-3,2,-2,3
1698,27,26,-2,-3,3,-2
1699,27,26,2,3,3,2
1700,27,26,3,2,-2,-3
1701,27,27,-3,0,3,3
1702,27,27,3,0,3,-3
1703,27,28,3,-3,-1,3
1704,27,31,-3,2,3,-3
1705,27,31,-3,3,2,3
1706,27,31,3,-2,3,3
1707,27,31,3,3,2,-3
1708,27,36,3,3,-3,3
1709,28,3,1,-1,-1,0
1710,28,4,0,0,0,2
1711,28,5,-2,0,-1,0
1712,28,6,0,-2,1,-1
1713,28,7,-1,-1,2,1
1714,28,7,-1,2,1,1
1715,28,7,2,1,1,1
1716,28,9,-1,0,2,-2
1717,28,9,1,2,-2,0
1718,28,10,-1,-2,-2,1
1719,28,10,-1,-1,-2,-2
1720,28,10,1,0,3,0
1721,28,10,3,0,0,-1
1722,28,11,1,0,-1,-3
1723,28,12,-3,-1,1,-1
1724,28,12,-1,1,-3,1
1725,28,13,-2,-3,0,0
1726,28,13,2,-2,2,1
1727,28,13,2,-1,2,-2
1728,28,13,2,2,1,-2
1729,28,14,-3,1,0,2
1730,28,14,-3,2,0,-1
1731,28,14,-2,1,3,0
1732,28,14,0,-3,1,2
1733,28,14,0,3,-1,2
1734,28,14,1,3,2,0
1735,28,14,2,0,-3,1
1736,28,14,3,-1,0,2
1737,28,15,-2,-1,-1,3
1738,28,15,-2,1,-1,-3
1739,28,15,-1,3,1,-2
1740,28,15,1,-2,-1,3
1741,28,15,1,1,-2,3
1742,28,16,2,-2,-2,-2
1743,28,17,-2,-2,0,-3
1744,28,17,-2,3,-2,0
1745,28,18,-3,-2,1,2
1746,28,18,-1,2,-3,-2
1747,28,18,1,2,2,3
1748,28,18,2,-3,-2,1
1749,28,18,2,1,-3,-2
1750,28,18,3,2,-1,2
1751,28,19,0,-3,-3,-1
1752,28,19,1,-3,0,-3
1753,28,20,1,-1,3,3
1754,28,20,1,1,3,-3
1755,28,20,3,-3,1,-1
1756,28,20,3,3,-1,-1
1757,28,21,-2,2,-2,3
1758,28,22,-2,0,3,3
1759,28,23,-3,-2,-3,-1
1760,28,23,-1,-3,3,-2
1761,28,23,1,3,-2,-3
1762,28,26,-2,2,3,-3
1763,28,26,-2,3,2,3
1764,28,31,-3,-3,-3,2
1765,28,31,3,3,3,2
1766,29,3,1,1,0,-1
1767,29,5,1,0,0,2
1768,29,6,0,-1,2,1
1769,29,6,0,2,1,1
1770,29,6,2,-1,-1,0
1771,29,7,-2,-1,1,-1
1772,29,7,1,-2,1,-1
1773,29,8,0,0,2,-2
1774,29,9,-2,1,0,2
1775,29,9,-2,2,0,-1
1776,29,9,0,-2,-2,1
1777,29,9,0,-1,-2,-2
1778,29,10,-1,-3,0,0
1779,29,11,-1,1,3,0
1780,29,11,0,1,-3,1
1781,29,12,-1,-1,-1,3
1782,29,12,-1,1,-1,-3
1783,29,12,2,2,-2,0
1784,29,12,3,1,1,1
1785,29,13,-2,-2,1,2
1786,29,13,2,0,3,0
1787,29,14,-3,0,2,1
1788,29,14,-1,-2,0,-3
1789,29,14,-1,3,-2,0
1790,29,14,0,3,1,-2
1791,29,14,2,0,-1,-3
1792,29,15,-3,-1,-2,1
1793,29,15,1,-3,1,2
1794,29,15,1,3,-1,2
1795,29,17,-3,0,-2,-2
1796,29,17,0,2,-3,-2
1797,29,17,2,3,2,0
1798,29,18,-3,1,2,-2
1799,29,18,-2,-2,-3,-1
1800,29,18,-1,2,-2,3
1801,29,18,2,-2,-1,3
1802,29,18,2,1,-2,3
1803,29,18,3,-2,2,1
1804,29,18,3,-1,2,-2
1805,29,18,3,2,1,-2
1806,29,19,-1,0,3,3
1807,29,19,3,0,-3,1
1808,29,20,-3,3,1,1
1809,29,20,1,-3,-3,-1
1810,29,21,2,2,2,3
1811,29,21,3,-2,-2,-2
1812,29,22,0,-3,3,-2
1813,29,22,2,-3,0,-3
1814,29,23,-3,-3,-1,-2
1815,29,23,-3,2,-3,1
1816,29,23,-1,2,3,-3
1817,29,23,-1,3,2,3
1818,29,23,2,-1,3,3
1819,29,23,2,1,3,-3
1820,29,23,3,-3,-2,1
1821,29,23,3,1,-3,-2
1822,29,26,-3,-2,3,-2
1823,29,26,-2,-3,-3,2
1824,29,26,2,3,-2,-3
1825,29,28,-3,-3,3,1
1826,29,31,-3,3,-3,-2
1827,30,4,-1,-1,1,-1
1828,30,6,-1,1,0,2
1829,30,6,-1,2,0,-1
1830,30,6,2,1,0,-1
1831,30,7,1,-1,2,1
1832,30,7,1,2,1,1
1833,30,8,2,0,0,2
1834,30,9,-2,0,2,1
1835,30,9,0,-3,0,0
1836,30,9,1,0,2,-2
1837,30,10,-2,-1,-2,1
1838,30,10,-1,-2,1,2
1839,30,10,0,1,3,0
1840,30,10,1,-2,-2,1
1841,30,10,1,-1,-2,-2
1842,30,10,2,-2,1,-1
1843,30,11,-3,1,-1,0
1844,30,11,0,-1,-1,3
1845,30,11,0,1,-1,-3
1846,30,11,3,-1,-1,0
1847,30,12,-2,0,-2,-2
1848,30,12,1,1,-3,1
1849,30,13,-3,-2,0,0
1850,30,13,-2,1,2,-2
1851,30,13,0,-2,0,-3
1852,30,13,0,3,-2,0
1853,30,15,-2,3,1,1
1854,30,15,-1,-2,-3,-1
1855,30,15,1,3,1,-2
1856,30,17,0,2,-2,3
1857,30,17,3,2,-2,0
1858,30,18,-2,-3,-1,-2
1859,30,18,-2,2,-3,1
1860,30,18,0,0,3,3
1861,30,18,1,2,-3,-2
1862,30,18,2,-3,1,2
1863,30,18,2,3,-1,2
1864,30,18,3,0,3,0
1865,30,19,-3,-1,0,-3
1866,30,19,-3,0,-1,3
1867,30,19,3,0,-1,-3
1868,30,21,-2,-2,3,-2
1869,30,22,-3,2,3,0
1870,30,22,0,2,3,-3
1871,30,22,0,3,2,3
1872,30,22,3,3,2,0
1873,30,23,-3,2,-1,-3
1874,30,23,-2,-3,3,1
1875,30,23,-1,-3,-3,2
1876,30,23,1,-3,3,-2
1877,30,23,2,-3,-3,-1
1878,30,23,3,-2,-1,3
1879,30,23,3,1,-2,3
1880,30,26,-2,3,-3,-2
1881,30,26,3,2,2,3
1882,30,27,-3,-3,0,3
1883,30,27,3,-3,0,-3
1884,30,28,-3,1,3,3
1885,30,28,3,-1,3,3
1886,30,28,3,1,3,-3
1887,30,31,-3,3,-2,3
1888,30,31,3,3,-2,-3
1889,30,36,-3,3,3,-3
1890,31,3,0,-1,1,-1
1891,31,5,0,1,0,2
1892,31,5,0,2,0,-1
1893,31,6,-2,1,-1,0
1894,31,6,-1,0,2,1
1895,31,7,-1,-1,-2,1
1896,31,8,-2,-2,0,0
1897,31,9,-1,0,-2,-2
1898,31,9,0,-2,1,2
1899,31,10,-1,1,2,-2
1900,31,10,1,-3,0,0
1901,31,10,2,-1,2,1
1902,31,10,2,2,1,1
1903,31,11,-3,0,1,-1
1904,31,11,1,1,3,0
1905,31,11,3,1,0,-1
1906,31,12,-1,3,1,1
1907,31,12,1,-1,-1,3
1908,31,12,1,1,-1,-3
1909,31,12,2,0,2,-2
1910,31,13,2,-2,-2,1
1911,31,13,2,-1,-2,-2
1912,31,13,3,0,0,2
1913,31,14,-2,-1,0,-3
1914,31,14,-2,0,-1,3
1915,31,14,0,-2,-3,-1
1916,31,14,1,-2,0,-3
1917,31,14,1,3,-2,0
1918,31,15,-3,-1,1,2
1919,31,15,-1,-3,-1,-2
1920,31,15,-1,2,-3,1
1921,31,15,2,1,-3,1
1922,31,15,3,-2,1,-1
1923,31,17,-3,2,0,2
1924,31,17,-2,2,3,0
1925,31,18,-2,2,-1,-3
1926,31,18,-1,-2,3,-2
1927,31,18,1,2,-2,3
1928,31,18,2,3,1,-2
1929,31,19,-3,3,0,-1
1930,31,19,1,0,3,3
1931,31,20,-3,-1,-3,-1
1932,31,20,-1,-3,3,1
1933,31,21,2,2,-3,-2
1934,31,22,-2,-3,0,3
1935,31,22,0,-3,-3,2
1936,31,23,-3,-3,2,-1
1937,31,23,-2,1,3,3
1938,31,23,-1,3,-3,-2
1939,31,23,1,2,3,-3
1940,31,23,1,3,2,3
1941,31,23,3,-3,1,2
1942,31,23,3,3,-1,2
1943,31,26,-3,-2,-3,2
1944,31,26,-2,3,-2,3
1945,31,26,2,-3,3,-2
1946,31,28,3,-3,-3,-1
1947,31,31,-2,3,3,-3
1948,32,4,1,-1,1,-1
1949,32,5,-1,-2,0,0
1950,32,5,0,0,2,1
1951,32,5,2,0,-1,0
1952,32,6,-2,0,1,-1
1953,32,6,0,-1,-2,1
1954,32,6,1,1,0,2
1955,32,6,1,2,0,-1
1956,32,8,0,0,-2,-2
1957,32,9,0,1,2,-2
1958,32,10,-2,-1,1,2
1959,32,10,1,-2,1,2
1960,32,11,-1,-1,0,-3
1961,32,11,-1,0,-1,3
1962,32,11,0,3,1,1
1963,32,12,-2,2,0,2
1964,32,13,2,-3,0,0
1965,32,14,-3,0,-2,1
1966,32,14,-2,3,0,-1
1967,32,14,-1,2,3,0
1968,32,14,0,-3,-1,-2
1969,32,14,0,2,-3,1
1970,32,14,2,1,3,0
1971,32,15,-3,1,2,1
1972,32,15,-2,-1,-3,-1
1973,32,15,-1,2,-1,-3
1974,32,15,1,-2,-3,-1
1975,32,15,2,-1,-1,3
1976,32,15,2,1,-1,-3
1977,32,15,3,-1,2,1
1978,32,15,3,2,1,1
1979,32,17,0,-2,3,-2
1980,32,17,2,-2,0,-3
1981,32,17,2,3,-2,0
1982,32,17,3,0,2,-2
1983,32,18,-3,-2,-1,-2
1984,32,18,-3,1,-2,-2
1985,32,18,-2,-3,2,-1
1986,32,18,3,-2,-2,1
1987,32,18,3,-1,-2,-2
1988,32,19,-1,-3,0,3
1989,32,19,0,-3,3,1
1990,32,20,-3,-3,-1,1
1991,32,20,-1,1,3,3
1992,32,20,3,1,-3,1
1993,32,21,-3,2,2,-2
1994,32,21,-2,-2,-3,2
1995,32,21,2,2,-2,3
1996,32,22,0,3,-3,-2
1997,32,22,2,0,3,3
1998,32,23,-3,-2,3,1
1999,32,23,-3,-1,3,-2
2000,32,23,-1,3,-2,3
2001,32,23,1,-3,-3,2
2002,32,23,3,3,1,-2
2003,32,26,2,2,3,-3
2004,32,26,2,3,2,3
2005,32,26,3,2,-3,-2
2006,32,28,-3,3,-3,1
2007,32,28,-1,3,3,-3
2008,32,31,3,-3,3,-2
2009,33,3,-1,0,1,-1
2010,33,4,0,-2,0,0
2011,33,6,1,0,2,1
2012,33,7,-1,-1,1,2
2013,33,7,1,-1,-2,1
2014,33,7,2,-1,1,-1
2015,33,9,-2,0,-2,1
2016,33,9,-1,2,0,2
2017,33,9,1,0,-2,-2
2018,33,9,2,1,0,2
2019,33,9,2,2,0,-1
2020,33,10,-3,-1,0,0
2021,33,10,-2,1,2,1
2022,33,10,0,-1,0,-3
2023,33,10,0,0,-1,3
2024,33,10,1,1,2,-2
2025,33,10,3,0,-1,0
2026,33,11,-1,3,0,-1
2027,33,12,-1,-1,-3,-1
2028,33,12,1,3,1,1
2029,33,13,-2,-2,-1,-2
2030,33,13,-2,1,-2,-2
2031,33,13,0,2,3,0
2032,33,13,2,-2,1,2
2033,33,14,-3,2,-1,0
2034,33,14,0,2,-1,-3
2035,33,15,-2,-3,-1,1
2036,33,15,-1,-3,2,-1
2037,33,15,1,-3,-1,-2
2038,33,15,1,2,-3,1
2039,33,16,-2,2,2,-2
2040,33,18,-3,0,0,-3
2041,33,18,-2,-2,3,1
2042,33,18,-2,-1,3,-2
2043,33,18,-1,-2,-3,2
2044,33,18,0,-3,0,3
2045,33,18,1,-2,3,-2
2046,33,18,2,-2,-3,-1
2047,33,18,3,-3,0,0
2048,33,19,0,1,3,3
2049,33,19,3,1,3,0
2050,33,20,-3,1,-1,3
2051,33,20,1,-3,3,1
2052,33,20,3,-1,-1,3
2053,33,20,3,1,-1,-3
2054,33,22,-3,-2,0,3
2055,33,22,0,3,-2,3
2056,33,22,3,-2,0,-3
2057,33,22,3,3,-2,0
2058,33,23,-2,3,-3,1
2059,33,23,1,3,-3,-2
2060,33,26,2,-3,-3,2
2061,33,26,3,2,-2,3
2062,33,27,-3,3,3,0
2063,33,27,0,3,3,-3
2064,33,27,3,0,3,3
2065,33,28,-3,-3,1,-3
2066,33,28,-3,3,-1,-3
2067,33,31,-3,2,3,3
2068,33,31,3,2,3,-3
2069,33,31,3,3,2,3
2070,34,3,1,1,-1,0
2071,34,5,-2,-1,0,0
2072,34,5,1,-2,0,0
2073,34,6,-1,0,-2,1
2074,34,6,0,-1,1,2
2075,34,7,-1,1,2,1
2076,34,8,0,2,0,2
2077,34,9,-2,2,-1,0
2078,34,9,2,0,2,1
2079,34,10,-1,-2,-1,-2
2080,34,10,-1,1,-2,-2
2081,34,10,0,3,0,-1
2082,34,10,2,-1,-2,1
2083,34,11,0,-1,-3,-1
2084,34,11,1,-1,0,-3
2085,34,11,1,0,-1,3
2086,34,12,-3,1,1,-1
2087,34,12,-1,-3,-1,1
2088,34,12,2,0,-2,-2
2089,34,12,3,-1,1,-1
2090,34,13,-2,0,0,-3
2091,34,13,-1,2,2,-2
2092,34,13,2,1,2,-2
2093,34,14,-3,0,1,2
2094,34,14,0,-3,2,-1
2095,34,14,1,2,3,0
2096,34,14,3,1,0,2
2097,34,14,3,2,0,-1
2098,34,15,-2,1,-1,3
2099,34,15,-1,-2,3,1
2100,34,15,-1,-1,3,-2
2101,34,15,1,2,-1,-3
2102,34,15,2,3,1,1
2103,34,17,-2,-2,0,3
2104,34,17,0,-2,-3,2
2105,34,18,-3,-2,2,-1
2106,34,18,2,-3,-1,-2
2107,34,18,2,2,-3,1
2108,34,18,3,-2,1,2
2109,34,19,-3,0,-3,-1
2110,34,19,1,-3,0,3
2111,34,20,-1,3,-3,1
2112,34,20,1,1,3,3
2113,34,21,2,-2,3,-2
2114,34,22,-3,3,0,2
2115,34,22,-2,3,3,0
2116,34,23,-3,-3,-2,-1
2117,34,23,-3,-1,-3,2
2118,34,23,-2,-3,1,-3
2119,34,23,-2,3,-1,-3
2120,34,23,1,3,-2,3
2121,34,23,2,-3,3,1
2122,34,23,3,-2,-3,-1
2123,34,26,-3,-3,2,2
2124,34,26,-2,2,3,3
2125,34,26,2,3,-3,-2
2126,34,28,1,3,3,-3
2127,34,31,3,-3,-3,2
2128,35,3,1,0,1,-1
2129,35,5,0,0,-2,1
2130,35,6,-1,2,-1,0
2131,35,6,0,1,2,1
2132,35,6,2,1,-1,0
2133,35,7,-2,1,1,-1
2134,35,7,1,-1,1,2
2135,35,8,2,-2,0,0
2136,35,9,-2,0,1,2
2137,35,9,0,-2,-1,-2
2138,35,9,0,1,-2,-2
2139,35,9,1,2,0,2
2140,35,10,-1,0,0,-3
2141,35,11,0,-3,-1,1
2142,35,11,1,3,0,-1
2143,35,12,-1,1,-1,3
2144,35,12,0,2,2,-2
2145,35,12,1,-1,-3,-1
2146,35,13,-2,-2,2,-1
2147,35,14,-2,0,-3,-1
2148,35,14,-1,-2,0,3
2149,35,14,0,-2,3,1
2150,35,14,0,-1,3,-2
2151,35,14,2,-1,0,-3
2152,35,14,2,0,-1,3
2153,35,14,3,0,2,1
2154,35,15,-3,-2,-1,1
2155,35,15,-3,-1,-1,-2
2156,35,15,-3,1,-2,1
2157,35,15,1,-3,2,-1
2158,35,15,3,-1,-2,1
2159,35,17,-2,3,0,2
2160,35,17,2,2,3,0
2161,35,17,3,0,-2,-2
2162,35,18,-3,2,2,1
2163,35,18,-2,-3,-2,-1
2164,35,18,-2,-1,-3,2
2165,35,18,1,-2,-3,2
2166,35,18,2,2,-1,-3
2167,35,18,3,1,2,-2
2168,35,19,-1,3,3,0
2169,35,19,0,3,-3,1
2170,35,20,-3,-1,3,1
2171,35,20,-1,-3,1,-3
2172,35,20,-1,3,-1,-3
2173,35,20,3,3,1,1
2174,35,21,-3,2,-2,-2
2175,35,21,-2,-3,2,2
2176,35,22,-3,0,3,-2
2177,35,22,2,-3,0,3
2178,35,23,-1,2,3,3
2179,35,23,2,1,3,3
2180,35,23,3,-3,-1,-2
2181,35,23,3,2,-3,1
2182,35,26,-3,3,2,-2
2183,35,26,2,3,-2,3
2184,35,26,3,-2,3,-2
2185,35,28,3,-3,3,1
2186,35,31,2,3,3,-3
2187,35,31,3,3,-3,-2
2188,36,4,-1,1,1,-1
2189,36,5,0,2,-1,0
2190,36,6,-1,0,1,2
2191,36,6,1,0,-2,1
2192,36,6,2,0,1,-1
2193,36,7,1,1,2,1
2194,36,9,-3,0,0,0
2195,36,9,0,0,0,-3
2196,36,10,-2,-2,-1,1
2197,36,10,-2,-1,-1,-2
2198,36,10,-2,1,-2,1
2199,36,10,-1,-2,2,-1
2200,36,10,1,-2,-1,-2
2201,36,10,1,1,-2,-2
2202,36,10,2,-1,1,2
2203,36,11,-1,0,-3,-1
2204,36,11,0,1,-1,3
2205,36,11,3,1,-1,0
2206,36,12,1,-3,-1,1
2207,36,12,2,2,0,2
2208,36,13,-2,2,2,1
2209,36,13,0,-2,0,3
2210,36,13,1,2,2,-2
2211,36,13,3,-2,0,0
2212,36,14,-1,3,0,2
2213,36,14,2,3,0,-1
2214,36,15,-2,-1,3,1
2215,36,15,-1,-3,-2,-1
2216,36,15,-1,-1,-3,2
2217,36,15,1,-2,3,1
2218,36,15,1,-1,3,-2
2219,36,15,2,-1,-3,-1
2220,36,16,-2,2,-2,-2
2221,36,17,-2,0,3,-2
2222,36,18,-1,-3,2,2
2223,36,18,0,3,3,0
2224,36,18,2,-3,2,-1
2225,36,19,-3,-3,1,0
2226,36,19,-3,-1,0,3
2227,36,19,-3,1,0,-3
2228,36,19,-3,3,-1,0
2229,36,19,0,-3,1,-3
2230,36,19,0,3,-1,-3
2231,36,19,3,-1,0,-3
2232,36,19,3,0,-1,3
2233,36,20,1,3,-3,1
2234,36,21,-2,3,2,-2
2235,36,21,2,-2,-3,2
2236,36,22,0,2,3,3
2237,36,22,3,2,3,0
2238,36,23,-3,-2,1,-3
2239,36,23,-3,2,-1,3
2240,36,23,3,2,-1,-3
2241,36,27,3,-3,0,3
2242,36,28,3,1,3,3
2243,36,31,3,3,-2,3
2244,36,36,-3,-3,-3,-3
2245,36,36,-3,3,3,3
2246,36,36,3,3,3,-3
2247,37,3,0,1,1,-1
2248,37,4,-2,0,0,0
2249,37,5,0,0,1,2
2250,37,6,1,2,-1,0
2251,37,7,-1,-2,-1,1
2252,37,7,-1,-1,-1,-2
2253,37,7,-1,1,-2,1
2254,37,9,0,-2,2,-1
2255,37,9,2,0,-2,1
2256,37,10,-1,2,2,1
2257,37,10,0,0,-3,-1
2258,37,10,1,0,0,-3
2259,37,10,2,1,2,1
2260,37,11,3,0,1,-1
2261,37,12,-1,-1,3,1
2262,37,12,1,1,-1,3
2263,37,13,-1,2,-2,-2
2264,37,13,0,3,0,2
2265,37,13,2,-2,-1,-2
2266,37,13,2,1,-2,-2
2267,37,14,-2,-3,1,0
2268,37,14,-2,-1,0,3
2269,37,14,-2,1,0,-3
2270,37,14,-2,3,-1,0
2271,37,14,-1,0,3,-2
2272,37,14,0,-3,-2,-1
2273,37,14,0,-1,-3,2
2274,37,14,1,-2,0,3
2275,37,15,-3,-1,2,-1
2276,37,15,-3,1,1,2
2277,37,15,-3,2,1,-1
2278,37,15,2,-3,-1,1
2279,37,15,3,-1,1,2
2280,37,16,2,2,2,-2
2281,37,17,0,-3,2,2
2282,37,17,3,2,0,2
2283,37,18,-3,-2,-2,-1
2284,37,18,-2,-2,1,-3
2285,37,18,-2,2,-1,3
2286,37,18,-1,3,2,-2
2287,37,18,2,-2,3,1
2288,37,18,2,-1,3,-2
2289,37,19,1,3,3,0
2290,37,19,3,3,0,-1
2291,37,20,-3,1,-3,-1
2292,37,20,1,-3,1,-3
2293,37,20,1,3,-1,-3
2294,37,20,3,-1,-3,-1
2295,37,21,-3,-2,2,2
2296,37,22,-3,0,-3,2
2297,37,23,1,2,3,3
2298,37,23,2,3,-3,1
2299,37,23,3,-3,2,-1
2300,37,26,-3,-3,-2,2
2301,37,26,3,-2,-3,2
2302,37,31,-2,-3,-3,-3
2303,37,31,-2,3,3,3
2304,38,4,1,1,1,-1
2305,38,5,2,-1,0,0
2306,38,6,0,-2,-1,1
2307,38,6,0,-1,-1,-2
2308,38,6,0,1,-2,1
2309,38,6,1,0,1,2
2310,38,9,0,2,2,1
2311,38,9,2,2,-1,0
2312,38,10,-2,-1,2,-1
2313,38,10,-2,1,1,2
2314,38,10,-2,2,1,-1
2315,38,10,1,-2,2,-1
2316,38,11,-1,-3,1,0
2317,38,11,-1,-1,0,3
2318,38,11,-1,1,0,-3
2319,38,11,-1,3,-1,0
2320,38,11,0,-1,3,1
2321,38,11,1,0,-3,-1
2322,38,12,-3,-1,-1,1
2323,38,12,0,2,-2,-2
2324,38,13,-2,-2,-2,-1
2325,38,13,0,0,3,-2
2326,38,13,2,0,0,-3
2327,38,14,-3,0,-1,-2
2328,38,14,1,3,0,2
2329,38,14,3,0,-2,1
2330,38,15,-2,1,-3,-1
2331,38,15,-1,-2,1,-3
2332,38,15,-1,2,-1,3
2333,38,15,1,-3,-2,-1
2334,38,15,1,-1,-3,2
2335,38,15,2,1,-1,3
2336,38,15,3,1,2,1
2337,38,16,-2,-2,2,2
2338,38,17,-2,0,-3,2
2339,38,17,0,3,2,-2
2340,38,17,2,-2,0,3
2341,38,18,-3,2,-2,1
2342,38,18,1,-3,2,2
2343,38,18,3,-2,-1,-2
2344,38,18,3,1,-2,-2
2345,38,19,-3,0,3,1
2346,38,20,3,-3,-1,1
2347,38,21,-2,-3,-2,2
2348,38,21,3,2,2,-2
2349,38,22,-3,-3,0,-2
2350,38,22,2,3,3,0
2351,38,23,-3,1,3,-2
2352,38,23,-3,3,2,1
2353,38,23,2,-3,1,-3
2354,38,23,2,3,-1,-3
2355,38,23,3,-2,3,1
2356,38,23,3,-1,3,-2
2357,38,26,-3,3,-2,-2
2358,38,26,2,2,3,3
2359,38,28,-1,-3,-3,-3
2360,38,28,-1,3,3,3
2361,38,28,3,3,-3,1
